variant,step,loss,grad_norm,lr,step_time_sec,answer_tokens,answer_tokens_per_sec
our_mertformer,1,230.6711883544922,301.6003112792969,0.00015,3.3352668285369873,10,2.9982608631005676
our_mertformer,2,195.9917755126953,286.55975341796875,0.00015,1.143446445465088,9,7.870941429477548
our_mertformer,3,226.158935546875,307.233154296875,0.00015,0.835028886795044,10,11.975633607576595
our_mertformer,4,215.69552612304688,324.2860412597656,0.00015,0.9266259670257568,8,8.633472711409164
our_mertformer,5,223.27496337890625,320.63134765625,0.00015,1.062058448791504,9,8.474109885610277
our_mertformer,6,225.3990020751953,214.25628662109375,0.00015,0.9424343109130859,10,10.610819114078529
our_mertformer,7,219.21104431152344,223.94671630859375,0.00015,0.8955140113830566,10,11.166771120147772
our_mertformer,8,220.03042602539062,235.31402587890625,0.00015,1.2889769077301025,8,6.206472708722188
our_mertformer,9,214.49484252929688,191.26551818847656,0.00015,1.003532886505127,8,7.971836406737557
our_mertformer,10,153.20594787597656,140.91839599609375,0.00015,1.0126979351043701,8,7.899690245912774
our_mertformer,11,209.35888671875,131.21539306640625,0.00015,1.0061531066894531,10,9.938845224960854
our_mertformer,12,211.8543243408203,167.2523193359375,0.00015,0.951979398727417,10,10.504428996433912
our_mertformer,13,205.78810119628906,114.17398071289062,0.00015,1.0380311012268066,8,7.706898175348625
our_mertformer,14,219.2458953857422,131.62673950195312,0.00015,0.9039084911346436,10,11.063066779522519
our_mertformer,15,187.4252166748047,121.53292083740234,0.00015,0.8668484687805176,9,10.382437443376004
our_mertformer,16,217.6783447265625,244.81712341308594,0.00015,0.8857731819152832,7,7.902700310777179
our_mertformer,17,219.4884490966797,196.18869018554688,0.00015,0.9681215286254883,10,10.329281711354687
our_mertformer,18,179.6558074951172,108.8319091796875,0.00015,0.8948678970336914,9,10.057350397565054
our_mertformer,19,179.50747680664062,109.09813690185547,0.00015,0.955352783203125,9,9.420603737422137
our_mertformer,20,178.56655883789062,97.33939361572266,0.00015,1.049062967300415,9,8.57908465033321
our_mertformer,21,196.01560974121094,220.5491943359375,0.00015,1.0070819854736328,8,7.9437425307906615
our_mertformer,22,206.70855712890625,101.64826202392578,0.00015,1.0190117359161377,8,7.850743733395413
our_mertformer,23,204.96311950683594,242.8726806640625,0.00015,0.9351177215576172,10,10.693840753379254
our_mertformer,24,197.01882934570312,633.605712890625,0.00015,0.9666857719421387,7,7.2412361939873335
our_mertformer,25,185.3538360595703,192.2692413330078,0.00015,0.9868946075439453,12,12.159353094312712
our_mertformer,26,204.7684326171875,202.14183044433594,0.00015,0.9938969612121582,10,10.061405145865407
our_mertformer,27,193.8002166748047,143.1236572265625,0.00015,1.1839685440063477,8,6.756936272081489
our_mertformer,28,200.15599060058594,93.0789566040039,0.00015,0.8620052337646484,9,10.440771874080351
our_mertformer,29,195.934814453125,105.71227264404297,0.00015,1.0439202785491943,10,9.579275549563677
our_mertformer,30,152.97760009765625,52.290000915527344,0.00015,1.182051181793213,10,8.459870565697207
our_mertformer,31,201.5150909423828,50.590484619140625,0.00015,1.034686803817749,8,7.731808282933441
our_mertformer,32,188.32456970214844,102.92899322509766,0.00015,0.9653069972991943,8,8.287518916140645
our_mertformer,33,190.13601684570312,85.4693603515625,0.00015,1.0413942337036133,8,7.6820091192062865
our_mertformer,34,195.40469360351562,214.9613494873047,0.00015,1.0865230560302734,10,9.203670317439977
our_mertformer,35,192.79995727539062,93.49285888671875,0.00015,1.0555341243743896,9,8.526488904690087
our_mertformer,36,181.3333282470703,93.58074188232422,0.00015,1.054351806640625,8,7.587600219977423
our_mertformer,37,195.59947204589844,87.71955871582031,0.00015,0.8926057815551758,11,12.323469360499592
our_mertformer,38,193.16233825683594,152.6597900390625,0.00015,0.8621177673339844,10,11.59934335992637
our_mertformer,39,193.5232391357422,160.5520477294922,0.00015,1.0005228519439697,8,7.995819370298609
our_mertformer,40,162.15565490722656,54.47185516357422,0.00015,0.946770191192627,8,8.449780183639458
our_mertformer,41,187.43801879882812,78.0791244506836,0.00015,0.9579005241394043,7,7.307648157191406
our_mertformer,42,176.49099731445312,88.58755493164062,0.00015,0.9303882122039795,9,9.673381371288084
our_mertformer,43,137.5217742919922,43.82216262817383,0.00015,0.9383738040924072,9,9.591060578150705
our_mertformer,44,180.71507263183594,94.2456283569336,0.00015,0.8805088996887207,10,11.35706862649
our_mertformer,45,175.9528350830078,44.14899826049805,0.00015,0.9773960113525391,8,8.185013962691999
our_mertformer,46,171.30091857910156,82.72077941894531,0.00015,1.1353576183319092,7,6.165458254716733
our_mertformer,47,183.28826904296875,43.803977966308594,0.00015,0.9301333427429199,10,10.751146680228091
our_mertformer,48,175.3826446533203,37.70196533203125,0.00015,0.9836916923522949,11,11.182365456086936
our_mertformer,49,178.15423583984375,53.677249908447266,0.00015,1.0607056617736816,11,10.370454685427166
our_mertformer,50,171.49879455566406,46.37998962402344,0.00015,1.017514705657959,10,9.827867788440134
our_mertformer,51,157.78282165527344,87.65577697753906,0.00015,0.9711253643035889,9,9.26759853137402
our_mertformer,52,165.013427734375,85.16588592529297,0.00015,1.0077896118164062,9,8.93043537507665
our_mertformer,53,151.16372680664062,72.12115478515625,0.00015,0.9422171115875244,8,8.490612091008352
our_mertformer,54,132.06582641601562,60.91865539550781,0.00015,0.9880468845367432,8,8.096781767345878
our_mertformer,55,142.6779022216797,105.66148376464844,0.00015,0.965001106262207,9,9.32641417879841
our_mertformer,56,134.9050750732422,115.41325378417969,0.00015,0.9242877960205078,10,10.819141011116546
our_mertformer,57,123.32373809814453,83.81769561767578,0.00015,0.8791911602020264,8,9.099272561113679
our_mertformer,58,147.79283142089844,75.29976654052734,0.00015,0.9727122783660889,9,9.252479073377925
our_mertformer,59,121.37257385253906,48.1750373840332,0.00015,0.9895353317260742,9,9.095178020880818
our_mertformer,60,146.24244689941406,39.063087463378906,0.00015,1.0273690223693848,9,8.760240774287334
our_mertformer,61,128.7664031982422,47.53043746948242,0.00015,0.9011895656585693,10,11.096444500766298
our_mertformer,62,120.96488189697266,56.52940368652344,0.00015,0.9883742332458496,10,10.117625150101
our_mertformer,63,124.39409637451172,39.09711456298828,0.00015,1.0261962413787842,11,10.719197319628202
our_mertformer,64,125.65930938720703,51.79129409790039,0.00015,1.039350986480713,9,8.659249971440723
our_mertformer,65,136.46514892578125,62.5840950012207,0.00015,1.0897142887115479,11,10.094389065051297
our_mertformer,66,116.06990814208984,36.50652313232422,0.00015,1.3637545108795166,10,7.332698018759087
our_mertformer,67,114.70475769042969,62.17021179199219,0.00015,0.9442405700683594,8,8.472417150452275
our_mertformer,68,113.12060546875,84.31981658935547,0.00015,0.9106502532958984,9,9.88304781932084
our_mertformer,69,106.79119110107422,42.39361572265625,0.00015,0.9102649688720703,8,8.788649759764983
our_mertformer,70,101.38246154785156,74.93350982666016,0.00015,0.8718242645263672,9,10.32318136372288
our_mertformer,71,96.65164947509766,54.35139846801758,0.00015,0.7372243404388428,7,9.495074451602012
our_mertformer,72,110.80126953125,71.83201599121094,0.00015,0.6914975643157959,11,15.90750360904594
our_mertformer,73,94.9405288696289,69.17536163330078,0.00015,0.7252688407897949,11,15.166789721755242
our_mertformer,74,103.29035949707031,67.41724395751953,0.00015,0.6727499961853027,11,16.350799052208618
our_mertformer,75,77.92062377929688,43.818599700927734,0.00015,0.667057991027832,10,14.991200367139841
our_mertformer,76,96.3044204711914,75.1348648071289,0.00015,0.6830620765686035,10,14.639957835509621
our_mertformer,77,98.26303100585938,69.98841094970703,0.00015,0.6256062984466553,11,17.58294318217763
our_mertformer,78,93.68109893798828,53.68330383300781,0.00015,0.682173490524292,10,14.659027562496439
our_mertformer,79,74.07190704345703,46.374149322509766,0.00015,0.7409365177154541,10,13.496432907414553
our_mertformer,80,94.57060241699219,81.73953247070312,0.00015,0.7378408908843994,9,12.197751725595358
our_mertformer,81,67.0361557006836,56.057037353515625,0.00015,0.6344802379608154,10,15.760932179920134
our_mertformer,82,90.83251190185547,140.79141235351562,0.00015,0.6885824203491211,10,14.522589750301579
our_mertformer,83,84.31552124023438,47.0822639465332,0.00015,0.6745021343231201,10,14.825749973401125
our_mertformer,84,63.779422760009766,93.64362335205078,0.00015,0.7005608081817627,8,11.419422706164823
our_mertformer,85,77.48593139648438,76.85041809082031,0.00015,0.7067177295684814,9,12.73492884563029
our_mertformer,86,61.375511169433594,54.79459762573242,0.00015,0.6490626335144043,8,12.325466891667029
our_mertformer,87,69.84712982177734,126.7322998046875,0.00015,0.6846833229064941,8,11.68423376523886
our_mertformer,88,54.64649200439453,58.876461029052734,0.00015,0.6187317371368408,9,14.545883877958453
our_mertformer,89,70.23294830322266,113.4787826538086,0.00015,0.6252536773681641,8,12.794806795337585
our_mertformer,90,49.589866638183594,114.44300842285156,0.00015,0.7092797756195068,8,11.279047105230871
our_mertformer,91,58.6968879699707,49.778076171875,0.00015,0.6863834857940674,9,13.112203580463516
our_mertformer,92,52.189598083496094,60.355377197265625,0.00015,0.7312333583831787,9,12.307972409655642
our_mertformer,93,35.45842742919922,51.586483001708984,0.00015,0.6450607776641846,11,17.05265671218123
our_mertformer,94,41.62150192260742,130.59957885742188,0.00015,0.6951174736022949,10,14.386057579846437
our_mertformer,95,43.2310905456543,61.95452880859375,0.00015,0.6647374629974365,9,13.539179752886453
our_mertformer,96,55.89393615722656,245.63356018066406,0.00015,0.6611342430114746,9,13.612969068134921
our_mertformer,97,37.55650329589844,76.6511001586914,0.00015,0.6933085918426514,9,12.981232464002955
our_mertformer,98,49.68678283691406,84.1456527709961,0.00015,0.6687159538269043,9,13.458629106267189
our_mertformer,99,51.44319152832031,67.34058380126953,0.00015,0.6602320671081543,9,13.631570546732755
our_mertformer,100,42.16886520385742,62.15034103393555,0.00015,0.6529698371887207,10,15.31464308221914
our_mertformer,101,46.913551330566406,64.14085388183594,0.00015,0.685945987701416,9,13.120566577200522
our_mertformer,102,34.84474182128906,52.199310302734375,0.00015,0.6837263107299805,7,10.238014670704203
our_mertformer,103,45.21194076538086,21.409412384033203,0.00015,0.6923718452453613,9,12.9987954620116
our_mertformer,104,44.8303108215332,96.8925552368164,0.00015,0.722637414932251,10,13.8381985119571
our_mertformer,105,31.996768951416016,30.32843780517578,0.00015,0.6267862319946289,9,14.358962498839833
our_mertformer,106,47.30949401855469,47.920692443847656,0.00015,0.6585702896118164,9,13.66596723533475
our_mertformer,107,21.0233097076416,46.65766906738281,0.00015,0.6587400436401367,8,12.144396074349356
our_mertformer,108,39.6079216003418,20.013986587524414,0.00015,0.712043285369873,9,12.63968102069093
our_mertformer,109,46.46205139160156,32.734703063964844,0.00015,0.7128081321716309,9,12.62611857777314
our_mertformer,110,32.0623779296875,15.413806915283203,0.00015,0.7022666931152344,9,12.815644096797849
our_mertformer,111,25.081035614013672,24.084001541137695,0.00015,0.7492449283599854,10,13.346770357043189
our_mertformer,112,14.773162841796875,18.382787704467773,0.00015,0.7363200187683105,10,13.581051370472906
our_mertformer,113,43.913700103759766,18.97061538696289,0.00015,0.6867642402648926,10,14.561037709451629
our_mertformer,114,28.15537452697754,19.873279571533203,0.00015,0.6237132549285889,7,11.223106042217196
our_mertformer,115,34.712100982666016,27.14081573486328,0.00015,0.6306631565093994,9,14.270692535478508
our_mertformer,116,25.47582244873047,31.357030868530273,0.00015,0.6232693195343018,9,14.43998560160907
our_mertformer,117,26.484342575073242,23.365177154541016,0.00015,0.6525354385375977,8,12.259870541175301
our_mertformer,118,35.51190185546875,29.66923713684082,0.00015,0.6681389808654785,9,13.470251336543464
our_mertformer,119,33.16035842895508,27.75172233581543,0.00015,0.7682666778564453,8,10.413050872284275
our_mertformer,120,39.74565887451172,26.958053588867188,0.00015,0.6855096817016602,8,11.670148815610267
our_mertformer,121,35.673851013183594,42.341373443603516,0.00015,0.7558469772338867,8,10.584152931691234
our_mertformer,122,29.88254737854004,48.726837158203125,0.00015,0.685136079788208,8,11.676512500221842
our_mertformer,123,21.257537841796875,40.46494674682617,0.00015,0.7135276794433594,9,12.613385940432083
our_mertformer,124,28.02448844909668,63.80286407470703,0.00015,0.6934571266174316,10,14.420502171170025
our_mertformer,125,18.904998779296875,101.34044647216797,0.00015,0.7556829452514648,7,9.263144079122554
our_mertformer,126,35.78826141357422,23.76984977722168,0.00015,0.7332396507263184,9,12.274295301795195
our_mertformer,127,27.604490280151367,26.739818572998047,0.00015,0.7521841526031494,9,11.965155033980594
our_mertformer,128,19.96282196044922,16.445680618286133,0.00015,0.7680964469909668,6,7.811519013666994
our_mertformer,129,13.322709083557129,20.796646118164062,0.00015,0.7594645023345947,7,9.21702064873604
our_mertformer,130,18.266456604003906,21.786117553710938,0.00015,0.7567191123962402,9,11.893448774539921
our_mertformer,131,28.429109573364258,24.91118049621582,0.00015,0.7250957489013672,11,15.17041027570043
our_mertformer,132,28.668325424194336,14.773937225341797,0.00015,0.7644858360290527,10,13.080687082369922
our_mertformer,133,20.739913940429688,18.688735961914062,0.00015,0.7173423767089844,11,15.334379171164656
our_mertformer,134,14.107693672180176,20.348480224609375,0.00015,0.7522573471069336,9,11.963990826560378
our_mertformer,135,20.678773880004883,23.531158447265625,0.00015,0.6572515964508057,10,15.214873655690672
our_mertformer,136,19.7877140045166,21.453088760375977,0.00015,0.6520755290985107,8,12.268517438554913
our_mertformer,137,16.80120277404785,16.00246810913086,0.00015,0.7255737781524658,9,12.403976371523196
our_mertformer,138,25.36057472229004,12.393183708190918,0.00015,0.6688995361328125,9,13.45493532860369
our_mertformer,139,21.21929359436035,16.58033561706543,0.00015,0.6812529563903809,9,13.210951843330713
our_mertformer,140,16.514127731323242,15.648860931396484,0.00015,0.6527769565582275,11,16.851085029100293
our_mertformer,141,20.493162155151367,18.003747940063477,0.00015,0.691152811050415,10,14.468580377763328
our_mertformer,142,25.356334686279297,24.025117874145508,0.00015,0.5920982360839844,10,16.889089327706728
our_mertformer,143,18.585458755493164,18.684093475341797,0.00015,0.5809557437896729,10,17.21301511672525
our_mertformer,144,26.332489013671875,22.532255172729492,0.00015,0.6240062713623047,11,17.628027961938997
our_mertformer,145,21.848390579223633,46.66580581665039,0.00015,0.6170773506164551,9,14.584881443159558
our_mertformer,146,18.999364852905273,24.766267776489258,0.00015,0.6536951065063477,8,12.238121289840674
our_mertformer,147,23.031747817993164,16.787134170532227,0.00015,0.6270692348480225,12,19.136642866729606
our_mertformer,148,18.993837356567383,15.947380065917969,0.00015,0.6896934509277344,9,13.049275715020547
our_mertformer,149,9.65733814239502,22.816282272338867,0.00015,0.7306623458862305,8,10.948969855969093
our_mertformer,150,14.39681625366211,65.73075866699219,0.00015,0.6737470626831055,10,14.842365264163629
our_mertformer,151,18.03243064880371,28.69424819946289,0.00015,0.7348446846008301,9,12.24748601793157
our_mertformer,152,14.083945274353027,42.49302673339844,0.00015,0.7815084457397461,8,10.236613620250138
our_mertformer,153,12.058614730834961,55.00769805908203,0.00015,0.7356786727905273,10,13.592890986045125
our_mertformer,154,20.426233291625977,27.13387107849121,0.00015,0.6349880695343018,8,12.598661902210502
our_mertformer,155,11.586085319519043,69.15666198730469,0.00015,0.6719884872436523,9,13.393086594259975
our_mertformer,156,9.860236167907715,19.393840789794922,0.00015,0.6337225437164307,9,14.201798703924906
our_mertformer,157,14.451135635375977,66.73944091796875,0.00015,0.6984922885894775,10,14.316550323259568
our_mertformer,158,16.382476806640625,27.51146125793457,0.00015,0.6668381690979004,9,13.496527968960164
our_mertformer,159,6.909055233001709,28.32069206237793,0.00015,0.6809554100036621,9,13.216724425394608
our_mertformer,160,20.568483352661133,57.02928924560547,0.00015,0.7153360843658447,12,16.77533157108685
our_mertformer,161,15.803725242614746,22.337417602539062,0.00015,0.6380746364593506,10,15.672147784293042
our_mertformer,162,11.096714973449707,28.8911075592041,0.00015,0.6633992195129395,9,13.566491691997623
our_mertformer,163,10.655949592590332,29.516197204589844,0.00015,0.6443085670471191,8,12.416411032161474
our_mertformer,164,13.668542861938477,28.490446090698242,0.00015,0.6190700531005859,10,16.153260765749252
our_mertformer,165,17.22600555419922,31.248987197875977,0.00015,0.6102113723754883,9,14.74898765810272
our_mertformer,166,13.03820514678955,27.858386993408203,0.00015,0.7712898254394531,11,14.261824332678831
our_mertformer,167,10.786234855651855,19.057453155517578,0.00015,0.7835907936096191,7,8.933234102655069
our_mertformer,168,17.20427703857422,27.594364166259766,0.00015,0.7498669624328613,10,13.335698865244169
our_mertformer,169,20.73514175415039,23.45694923400879,0.00015,0.7708044052124023,11,14.270805830395906
our_mertformer,170,14.774174690246582,28.631683349609375,0.00015,0.7515029907226562,9,11.976000243652349
our_mertformer,171,13.536821365356445,26.564682006835938,0.00015,0.7836098670959473,11,14.03759761316677
our_mertformer,172,8.511663436889648,37.567718505859375,0.00015,0.7331321239471436,9,12.27609554406713
our_mertformer,173,14.655912399291992,29.682586669921875,0.00015,0.7343597412109375,9,12.25557379433582
our_mertformer,174,8.977910995483398,27.319316864013672,0.00015,0.6551821231842041,9,13.736638533816734
our_mertformer,175,12.786483764648438,24.990251541137695,0.00015,0.6778726577758789,9,13.276829942557763
our_mertformer,176,6.347664833068848,14.572792053222656,0.00015,0.6243774890899658,10,16.0159521679346
our_mertformer,177,6.921052932739258,47.851654052734375,0.00015,0.5870223045349121,7,11.92458948479987
our_mertformer,178,9.5368013381958,35.93638229370117,0.00015,0.6445925235748291,8,12.410941342653194
our_mertformer,179,6.799205303192139,26.4519100189209,0.00015,0.6395950317382812,8,12.507914544391827
our_mertformer,180,9.808241844177246,21.0707950592041,0.00015,0.6957287788391113,7,10.06139204372163
our_mertformer,181,7.025135517120361,21.876272201538086,0.00015,0.6700811386108398,7,10.446496098236485
our_mertformer,182,6.191287517547607,29.112056732177734,0.00015,0.5935850143432617,10,16.846786489486984
our_mertformer,183,10.513167381286621,23.200502395629883,0.00015,0.6378166675567627,9,14.11063783340068
our_mertformer,184,13.790828704833984,23.03095817565918,0.00015,0.7261734008789062,12,16.524978724745484
our_mertformer,185,7.121303081512451,15.417801856994629,0.00015,0.627439022064209,10,15.937803751990181
our_mertformer,186,6.608104228973389,17.9776554107666,0.00015,0.6143598556518555,8,13.021684158564925
our_mertformer,187,3.6006321907043457,102.5919418334961,0.00015,0.6212189197540283,8,12.87790784473789
our_mertformer,188,8.550504684448242,15.885614395141602,0.00015,0.6325926780700684,9,14.227164353936967
our_mertformer,189,6.407041549682617,21.81873893737793,0.00015,0.6513452529907227,9,13.81755675454073
our_mertformer,190,9.529071807861328,33.36684799194336,0.00015,0.6121764183044434,8,13.068128338163943
our_mertformer,191,15.488811492919922,41.75196075439453,0.00015,0.6042277812957764,8,13.2400400108116
our_mertformer,192,7.41370964050293,10.54075813293457,0.00015,0.6376044750213623,9,14.115333804234144
our_mertformer,193,6.635317325592041,11.74520492553711,0.00015,0.6278305053710938,7,11.149506021314602
our_mertformer,194,8.503822326660156,38.106231689453125,0.00015,0.6586892604827881,9,13.663498921180869
our_mertformer,195,13.155220985412598,36.0181999206543,0.00015,0.7264690399169922,10,13.765211523869786
our_mertformer,196,13.363054275512695,25.714506149291992,0.00015,0.6795234680175781,9,13.244575682214974
our_mertformer,197,4.385078430175781,32.14656448364258,0.00015,0.688345193862915,9,13.074835242900473
our_mertformer,198,11.591732025146484,27.612689971923828,0.00015,0.6905200481414795,8,11.585471010627186
our_mertformer,199,5.491280555725098,23.385005950927734,0.00015,0.6853518486022949,8,11.672836392453283
our_mertformer,200,10.008666038513184,21.786130905151367,0.00015,0.7110874652862549,12,16.875561145166984
our_mertformer,201,1.0676082372665405,50.81874465942383,0.00015,0.6764585971832275,6,8.869722441231422
our_mertformer,202,7.635972023010254,16.353275299072266,0.00015,0.6422913074493408,8,12.455407549838249
our_mertformer,203,5.328121185302734,15.166516304016113,0.00015,0.6430754661560059,10,15.55027446432557
our_mertformer,204,4.857424259185791,12.040995597839355,0.00015,0.6078579425811768,8,13.160969758870323
our_mertformer,205,8.159686088562012,7.628864288330078,0.00015,0.6442270278930664,10,15.52247820571085
our_mertformer,206,11.652835845947266,11.8198881149292,0.00015,0.6592769622802734,11,16.68494521931081
our_mertformer,207,8.087526321411133,11.999397277832031,0.00015,0.6541862487792969,8,12.228933296791086
our_mertformer,208,13.289942741394043,16.42340850830078,0.00015,0.6123437881469727,10,16.33069558892926
our_mertformer,209,6.718840599060059,27.21706771850586,0.00015,0.6125171184539795,8,13.060859458413761
our_mertformer,210,3.205744743347168,25.04000473022461,0.00015,0.6435723304748535,6,9.322961407574747
our_mertformer,211,6.435853481292725,29.81499481201172,0.00015,0.6280806064605713,10,15.921523284014606
our_mertformer,212,2.5747287273406982,23.227336883544922,0.00015,0.6131908893585205,8,13.046508255152107
our_mertformer,213,5.942169666290283,68.9669418334961,0.00015,0.628105640411377,9,14.328799840271236
our_mertformer,214,3.156682014465332,17.10934066772461,0.00015,0.6134083271026611,8,13.041883597809564
our_mertformer,215,9.039933204650879,39.272064208984375,0.00015,0.6288895606994629,8,12.720834467505309
our_mertformer,216,5.062995433807373,22.474092483520508,0.00015,0.6178765296936035,9,14.566016942677814
our_mertformer,217,7.585920333862305,21.6618709564209,0.00015,0.6125187873840332,11,17.958632823295407
our_mertformer,218,6.280777931213379,30.1707706451416,0.00015,0.6124715805053711,9,14.694559366450594
our_mertformer,219,5.598597526550293,42.134944915771484,0.00015,0.6301431655883789,9,14.282468638053857
our_mertformer,220,7.586031913757324,30.524690628051758,0.00015,0.628148078918457,9,14.327831767783428
our_mertformer,221,5.0989603996276855,56.28207015991211,0.00015,0.6441102027893066,10,15.525293585934822
our_mertformer,222,4.09002685546875,38.22159194946289,0.00015,0.690760612487793,11,15.924474848650103
our_mertformer,223,6.192018032073975,19.855636596679688,0.00015,0.6864275932312012,8,11.654543143205865
our_mertformer,224,2.454298257827759,9.117960929870605,0.00015,0.6052727699279785,10,16.521476756983304
our_mertformer,225,2.6224207878112793,15.160384178161621,0.00015,0.6436944007873535,8,12.42825786617775
our_mertformer,226,4.254215240478516,23.818227767944336,0.00015,0.6568305492401123,8,12.179701460681457
our_mertformer,227,6.120089530944824,15.873237609863281,0.00015,0.628032922744751,9,14.330458920316564
our_mertformer,228,3.472141742706299,13.93751335144043,0.00015,0.6639187335968018,7,10.543459079814284
our_mertformer,229,7.962216377258301,12.483525276184082,0.00015,0.6534826755523682,10,15.30262449811285
our_mertformer,230,6.664862632751465,14.035884857177734,0.00015,0.6690835952758789,10,14.94581554622747
our_mertformer,231,4.745270729064941,17.241727828979492,0.00015,0.6669795513153076,8,11.994370718298203
our_mertformer,232,6.099832057952881,49.99339294433594,0.00015,0.5893428325653076,8,13.574441832400643
our_mertformer,233,6.496089458465576,19.243928909301758,0.00015,0.734734058380127,10,13.610366752355358
our_mertformer,234,7.306492805480957,36.53121566772461,0.00015,0.725797176361084,10,13.777953849499411
our_mertformer,235,3.4420716762542725,52.18784713745117,0.00015,0.7196598052978516,10,13.895454388843097
our_mertformer,236,5.405313968658447,88.74205780029297,0.00015,0.760866641998291,8,10.514326109749426
our_mertformer,237,8.445624351501465,42.302467346191406,0.00015,0.7221686840057373,10,13.847180335391771
our_mertformer,238,5.048839569091797,14.72778606414795,0.00015,0.7080602645874023,8,11.298473308146622
our_mertformer,239,4.7066802978515625,11.95404052734375,0.00015,0.9619548320770264,10,10.39549848552481
our_mertformer,240,4.181653022766113,47.328651428222656,0.00015,0.7156805992126465,10,13.97271354148969
our_mertformer,241,6.662384033203125,17.96847152709961,0.00015,0.6640968322753906,11,16.563849525242837
our_mertformer,242,3.2009637355804443,11.281627655029297,0.00015,0.661679744720459,10,15.113051411638295
our_mertformer,243,6.626527786254883,34.892333984375,0.00015,0.6307203769683838,9,14.269397864168171
our_mertformer,244,2.9529943466186523,8.775711059570312,0.00015,0.627777099609375,11,17.522142822419912
our_mertformer,245,5.436957836151123,49.64619827270508,0.00015,0.627779483795166,9,14.336244226382762
our_mertformer,246,7.927528381347656,99.66299438476562,0.00015,0.5964925289154053,8,13.411735457183843
our_mertformer,247,4.908187389373779,28.10504913330078,0.00015,0.6443133354187012,10,15.520398927490133
our_mertformer,248,3.477109432220459,31.20000648498535,0.00015,0.6590609550476074,9,13.65579303563793
our_mertformer,249,4.149207592010498,51.31129837036133,0.00015,0.7218437194824219,10,13.853414153371348
our_mertformer,250,7.89235258102417,20.844833374023438,0.00015,0.6594414710998535,10,15.164348070680843
our_mertformer,251,6.149008274078369,60.63532638549805,0.00015,0.6281583309173584,8,12.735642601948543
our_mertformer,252,3.7302820682525635,16.497549057006836,0.00015,0.6121375560760498,9,14.702577730554848
our_mertformer,253,3.6724493503570557,25.8594913482666,0.00015,0.6589529514312744,10,15.175590272840521
our_mertformer,254,3.079416036605835,13.330564498901367,0.00015,0.5965085029602051,10,16.764220376364243
our_mertformer,255,6.692616939544678,42.32014465332031,0.00015,0.6201279163360596,12,19.350846307484993
our_mertformer,256,3.6662986278533936,17.63951301574707,0.00015,0.6277751922607422,10,15.929269144879761
our_mertformer,257,4.87387228012085,23.25265121459961,0.00015,0.6643738746643066,10,15.05176585255219
our_mertformer,258,4.021504878997803,17.25170135498047,0.00015,0.5964744091033936,9,15.08866074158754
our_mertformer,259,2.8944811820983887,22.187427520751953,0.00015,0.6116492748260498,8,13.079390966784294
our_mertformer,260,4.78434419631958,35.18000411987305,0.00015,0.6186015605926514,7,11.315846008040536
our_mertformer,261,2.809386968612671,11.152670860290527,0.00015,0.6276755332946777,10,15.931798309087911
our_mertformer,262,1.89039146900177,17.192707061767578,0.00015,0.6680433750152588,8,11.975270318064709
our_mertformer,263,4.782387733459473,31.112348556518555,0.00015,0.6972534656524658,10,14.341986799079361
our_mertformer,264,6.715542793273926,21.938674926757812,0.00015,0.7005205154418945,9,12.84758947326863
our_mertformer,265,2.7770450115203857,25.478702545166016,0.00015,0.7064380645751953,9,12.739970354530653
our_mertformer,266,2.311239004135132,15.841888427734375,0.00015,0.6156179904937744,8,12.995071819755244
our_mertformer,267,5.110114097595215,45.68986892700195,0.00015,0.6092023849487305,10,16.41490619056192
our_mertformer,268,5.655831336975098,57.358543395996094,0.00015,0.596482515335083,9,15.088455685820254
our_mertformer,269,3.704277515411377,18.255287170410156,0.00015,0.5959768295288086,10,16.779175807734344
our_mertformer,270,5.788742542266846,18.026182174682617,0.00015,0.5964972972869873,10,16.764535305494924
our_mertformer,271,3.185389280319214,12.230320930480957,0.00015,0.6755800247192383,9,13.32188589166809
our_mertformer,272,2.2915091514587402,21.138561248779297,0.00015,0.6583211421966553,9,13.671139240598016
our_mertformer,273,5.4170756340026855,18.60042953491211,0.00015,0.5787293910980225,11,19.007156313816576
our_mertformer,274,1.2931568622589111,39.53176498413086,0.00015,0.5768356323242188,6,10.401576573597684
our_mertformer,275,4.741898059844971,54.59749984741211,0.00015,0.6201703548431396,7,11.287221237413899
our_mertformer,276,1.7219507694244385,45.278907775878906,0.00015,0.6019723415374756,8,13.289647128250929
our_mertformer,277,4.608154296875,64.62191009521484,0.00015,0.6019539833068848,9,14.951308986374247
our_mertformer,278,3.9972007274627686,29.091459274291992,0.00015,0.6252481937408447,9,14.39428388613683
our_mertformer,279,3.7785582542419434,28.158506393432617,0.00015,0.6294727325439453,9,14.29768047875161
our_mertformer,280,4.265437602996826,32.540283203125,0.00015,0.6166718006134033,10,16.21608121216667
our_mertformer,281,8.118471145629883,47.30560302734375,0.00015,0.6252703666687012,11,17.592389766694858
our_mertformer,282,5.169212818145752,22.23134994506836,0.00015,0.6095724105834961,8,13.123953546949778
our_mertformer,283,5.1684184074401855,17.66679573059082,0.00015,0.617781400680542,10,16.186955432753557
our_mertformer,284,4.599071025848389,25.028766632080078,0.00015,0.6509082317352295,8,12.29051901628764
our_mertformer,285,4.6802778244018555,10.257485389709473,0.00015,0.6833813190460205,10,14.633118760049946
our_mertformer,286,8.193328857421875,31.424251556396484,0.00015,0.7121295928955078,8,11.233910344144139
our_mertformer,287,4.149506568908691,17.173938751220703,0.00015,0.7142937183380127,9,12.599858810099583
our_mertformer,288,5.027132987976074,6.046562671661377,0.00015,0.6312723159790039,9,14.256921731222155
our_mertformer,289,4.133613586425781,10.500813484191895,0.00015,0.6632564067840576,10,15.077125373710548
our_mertformer,290,5.422484397888184,14.814908027648926,0.00015,0.669691801071167,9,13.439017747573686
our_mertformer,291,3.5812745094299316,14.988182067871094,0.00015,0.6071453094482422,10,16.470521709354454
our_mertformer,292,4.673677444458008,47.45396423339844,0.00015,0.631028413772583,10,15.847146945753714
our_mertformer,293,6.0716352462768555,12.107251167297363,0.00015,0.7576167583465576,10,13.199285641231404
our_mertformer,294,1.6879072189331055,21.477182388305664,0.00015,0.7045063972473145,9,12.774901739949115
our_mertformer,295,4.485971927642822,12.251838684082031,0.00015,0.7979466915130615,9,11.278948952008632
our_mertformer,296,1.009714126586914,19.17789649963379,0.00015,0.7371466159820557,11,14.922404527822959
our_mertformer,297,5.098641872406006,14.308112144470215,0.00015,0.7072787284851074,11,15.5525672651862
our_mertformer,298,2.8143415451049805,13.440497398376465,0.00015,0.8103132247924805,11,13.574997499043752
our_mertformer,299,3.2190072536468506,21.370723724365234,0.00015,0.7755429744720459,9,11.604772780163199
our_mertformer,300,3.8264951705932617,11.658257484436035,0.00015,0.7495532035827637,10,13.341281115471647
our_mertformer,301,2.769202470779419,9.272879600524902,0.00015,0.7053887844085693,9,12.758921319603937
our_mertformer,302,2.7894065380096436,55.67342758178711,0.00015,0.7168138027191162,10,13.950624223566331
our_mertformer,303,1.7191354036331177,25.4442081451416,0.00015,0.7285215854644775,9,12.353786325029674
our_mertformer,304,3.936823606491089,12.318824768066406,0.00015,0.6780538558959961,9,13.273281940277725
our_mertformer,305,5.7796244621276855,17.892375946044922,0.00015,0.7188174724578857,9,12.520563765966742
our_mertformer,306,5.767226219177246,48.23111343383789,0.00015,0.6697895526885986,8,11.944050139162732
our_mertformer,307,2.6819865703582764,18.882532119750977,0.00015,0.7268760204315186,8,11.00600346569516
our_mertformer,308,4.6416730880737305,51.00164794921875,0.00015,0.68133544921875,10,14.677058138493237
our_mertformer,309,4.7408928871154785,17.748388290405273,0.00015,0.6736164093017578,9,13.360719655462399
our_mertformer,310,3.630856990814209,14.34854507446289,0.00015,0.6422450542449951,11,17.12741877464714
our_mertformer,311,1.9113187789916992,9.686553001403809,0.00015,0.6729886531829834,8,11.88727322840141
our_mertformer,312,1.7130451202392578,13.996768951416016,0.00015,0.6840879917144775,8,11.694402031455354
our_mertformer,313,3.497126579284668,21.037675857543945,0.00015,0.6864356994628906,11,16.024807580093917
our_mertformer,314,4.361439228057861,24.144874572753906,0.00015,0.6220953464508057,9,14.467235691999676
our_mertformer,315,2.948451042175293,31.615886688232422,0.00015,0.612262487411499,8,13.06629127945125
our_mertformer,316,1.784827709197998,13.867008209228516,0.00015,0.6233189105987549,7,11.230206369442344
our_mertformer,317,2.6483817100524902,8.487039566040039,0.00015,0.6796727180480957,10,14.712963658035735
our_mertformer,318,2.957226276397705,28.500839233398438,0.00015,0.7547736167907715,10,13.249005764826661
our_mertformer,319,3.216171979904175,116.96286010742188,0.00015,0.7280852794647217,10,13.734654829653833
our_mertformer,320,5.7736663818359375,170.82546997070312,0.00015,0.7678947448730469,10,13.022618095469923
our_mertformer,321,3.682819128036499,29.338926315307617,0.00015,0.7475051879882812,8,10.702266858548434
our_mertformer,322,3.884171485900879,24.053247451782227,0.00015,0.7505407333374023,9,11.99135449981512
our_mertformer,323,3.887526512145996,219.78524780273438,0.00015,0.7689492702484131,8,10.403807259503033
our_mertformer,324,1.6807478666305542,13.558542251586914,0.00015,0.748443603515625,8,10.688848114169215
our_mertformer,325,2.7687032222747803,8.828240394592285,0.00015,0.7401144504547119,10,13.511423799192402
our_mertformer,326,1.1416704654693604,7.733277320861816,0.00015,0.7016401290893555,9,12.827088455845475
our_mertformer,327,4.164330005645752,22.455480575561523,0.00015,0.7565035820007324,11,14.540578870635606
our_mertformer,328,2.997037172317505,16.809635162353516,0.00015,0.7317543029785156,9,12.299210217646293
our_mertformer,329,2.342535972595215,32.20475387573242,0.00015,0.6370229721069336,11,17.26782311102195
our_mertformer,330,1.8278741836547852,43.57809066772461,0.00015,0.6016950607299805,11,18.281685720761487
our_mertformer,331,2.0765697956085205,73.85902404785156,0.00015,0.6262292861938477,9,14.371732843573964
our_mertformer,332,3.3289244174957275,12.914055824279785,0.00015,0.6484222412109375,11,16.964254618190374
our_mertformer,333,2.6032052040100098,36.24782943725586,0.00015,0.5962326526641846,8,13.417581147649475
our_mertformer,334,3.5407979488372803,59.979488372802734,0.00015,0.5962460041046143,9,15.094440781226446
our_mertformer,335,2.927255153656006,9.451543807983398,0.00015,0.601003885269165,8,13.311062034843797
our_mertformer,336,4.0751447677612305,12.890324592590332,0.00015,0.642744779586792,11,17.114102439029818
our_mertformer,337,3.0085318088531494,41.586891174316406,0.00015,0.737663984298706,9,12.200676990562663
our_mertformer,338,3.893361806869507,12.886038780212402,0.00015,0.723250150680542,9,12.443827341800693
our_mertformer,339,3.458576202392578,20.00238037109375,0.00015,0.7176547050476074,9,12.540849989136436
our_mertformer,340,3.471931219100952,14.85675048828125,0.00015,0.7114150524139404,9,12.650842808936385
our_mertformer,341,3.437791347503662,13.360307693481445,0.00015,0.6605186462402344,9,13.62565621913821
our_mertformer,342,1.1231645345687866,6.8272223472595215,0.00015,0.5949423313140869,9,15.127516611771647
our_mertformer,343,1.2828342914581299,14.252460479736328,0.00015,0.6592814922332764,8,12.134422237306376
our_mertformer,344,1.797688603401184,29.301332473754883,0.00015,0.7019510269165039,7,9.97220565478657
our_mertformer,345,1.4253180027008057,13.780969619750977,0.00015,0.6997520923614502,10,14.290775417695494
our_mertformer,346,1.7680615186691284,6.618813991546631,0.00015,0.7041568756103516,9,12.78124280501976
our_mertformer,347,2.2859437465667725,19.147083282470703,0.00015,0.6720724105834961,10,14.879349073886187
our_mertformer,348,1.6121718883514404,12.767180442810059,0.00015,0.6320948600769043,9,14.238369220254391
our_mertformer,349,3.3705365657806396,23.692914962768555,0.00015,0.7006664276123047,9,12.844913992339752
our_mertformer,350,3.0551345348358154,14.63791561126709,0.00015,0.7411632537841797,8,10.793843271579044
our_mertformer,351,1.7580277919769287,28.34041404724121,0.00015,0.6184718608856201,9,14.551995926075698
our_mertformer,352,2.2126402854919434,16.046335220336914,0.00015,0.6707615852355957,12,17.890112171204866
our_mertformer,353,3.41204571723938,12.83120059967041,0.00015,0.7400197982788086,9,12.161836779141382
our_mertformer,354,3.2339389324188232,12.12799072265625,0.00015,0.7587184906005859,9,11.862107107572646
our_mertformer,355,4.7193121910095215,8.33009147644043,0.00015,0.7744936943054199,10,12.911660964481037
our_mertformer,356,2.150329828262329,72.7339859008789,0.00015,0.8348255157470703,7,8.384985686183569
our_mertformer,357,2.4967243671417236,39.96308898925781,0.00015,0.7996470928192139,9,11.25496494743681
our_mertformer,358,4.860534191131592,38.89423370361328,0.00015,0.7408058643341064,10,13.498813226848268
our_mertformer,359,1.670955777168274,16.125804901123047,0.00015,0.7390871047973633,8,10.824163955875504
our_mertformer,360,2.284656286239624,26.256614685058594,0.00015,0.7692098617553711,8,10.400282676750457
our_mertformer,361,1.5922608375549316,11.957950592041016,0.00015,0.6591320037841797,10,15.171467843449324
our_mertformer,362,1.3724404573440552,14.23182487487793,0.00015,0.6471774578094482,7,10.816198734259755
our_mertformer,363,1.4987798929214478,9.856924057006836,0.00015,0.7103009223937988,10,14.078540073267549
our_mertformer,364,2.561741352081299,13.155872344970703,0.00015,0.7101678848266602,12,16.897412930646666
our_mertformer,365,3.325587272644043,12.532344818115234,0.00015,0.6756525039672852,8,11.840406056405818
our_mertformer,366,3.5011868476867676,16.3056583404541,0.00015,0.6436355113983154,8,12.429394988818727
our_mertformer,367,4.339363098144531,25.509761810302734,0.00015,0.6590578556060791,11,16.690492202515728
our_mertformer,368,1.118103265762329,13.02392578125,0.00015,0.6568267345428467,8,12.179772197561391
our_mertformer,369,3.271172523498535,26.78851318359375,0.00015,0.6102378368377686,9,14.748348032035656
our_mertformer,370,3.491243839263916,15.98082447052002,0.00015,0.612250804901123,10,16.333175750769286
our_mertformer,371,1.0147558450698853,16.120731353759766,0.00015,0.6591675281524658,9,13.653585189830975
our_mertformer,372,1.7030439376831055,20.317787170410156,0.00015,0.5961904525756836,7,11.741214522571347
our_mertformer,373,2.646002769470215,8.368867874145508,0.00015,0.6431477069854736,10,15.54852779755905
our_mertformer,374,1.3145513534545898,15.898201942443848,0.00015,0.645505428314209,8,12.393389194096576
our_mertformer,375,3.6909091472625732,9.90073299407959,0.00015,0.6591982841491699,8,12.135953919124098
our_mertformer,376,1.1906373500823975,6.801168918609619,0.00015,0.6295645236968994,10,15.883995402533909
our_mertformer,377,3.315446138381958,17.927885055541992,0.00015,0.6889317035675049,8,11.6121815247774
our_mertformer,378,1.7725423574447632,26.371673583984375,0.00015,0.6012935638427734,7,11.641568147285813
our_mertformer,379,1.822498083114624,7.55706787109375,0.00015,0.6007106304168701,9,14.982255256169424
our_mertformer,380,3.673222780227661,11.611123085021973,0.00015,0.6982460021972656,11,15.753760086537989
our_mertformer,381,2.3377737998962402,7.011216640472412,0.00015,0.6845998764038086,9,13.146365213030487
our_mertformer,382,3.8946850299835205,18.98216438293457,0.00015,0.6960673332214355,11,15.80306886273693
our_mertformer,383,5.261570930480957,8.343670845031738,0.00015,0.6595580577850342,9,13.645500792188512
our_mertformer,384,4.569653034210205,11.065460205078125,0.00015,0.6184957027435303,9,14.551434973723662
our_mertformer,385,2.9978768825531006,6.8518218994140625,0.00015,0.5965795516967773,9,15.08600148027604
our_mertformer,386,4.104362487792969,13.260163307189941,0.00015,0.5806362628936768,9,15.500237541395233
our_mertformer,387,2.9816932678222656,11.851137161254883,0.00015,0.5962719917297363,11,18.447956893111648
our_mertformer,388,3.8637797832489014,10.243217468261719,0.00015,0.6274638175964355,8,12.749739149334252
our_mertformer,389,2.524751901626587,8.787947654724121,0.00015,0.6740949153900146,9,13.35123555232993
our_mertformer,390,1.8837528228759766,9.49886703491211,0.00015,0.6751575469970703,9,13.33022202007475
our_mertformer,391,1.431316614151001,9.888513565063477,0.00015,0.5809085369110107,10,17.214413913032057
our_mertformer,392,2.4956276416778564,9.455255508422852,0.00015,0.5813143253326416,9,15.482157600107293
our_mertformer,393,2.243096351623535,17.149070739746094,0.00015,0.5757980346679688,7,12.157040452624187
our_mertformer,394,3.8505992889404297,13.741005897521973,0.00015,0.5648972988128662,9,15.932099549623505
our_mertformer,395,3.5430915355682373,14.339317321777344,0.00015,0.5809845924377441,11,18.933376449529018
our_mertformer,396,2.530879020690918,16.594627380371094,0.00015,0.5809891223907471,10,17.212026206016386
our_mertformer,397,2.409944534301758,8.708418846130371,0.00015,0.581322431564331,9,15.481941709665525
our_mertformer,398,2.405329465866089,14.160347938537598,0.00015,0.722445011138916,8,11.073507155081886
our_mertformer,399,3.0632917881011963,9.831864356994629,0.00015,0.5652751922607422,11,19.45954846524748
our_mertformer,400,1.4203988313674927,10.594688415527344,0.00015,0.580521821975708,10,17.225881304455857
our_mertformer,401,2.309945583343506,8.002752304077148,0.00015,0.5805208683013916,8,13.780727682379549
our_mertformer,402,1.515519618988037,30.877717971801758,0.00015,0.5919921398162842,10,16.892116174217023
our_mertformer,403,2.971771717071533,14.856287002563477,0.00015,0.6128969192504883,10,16.315957359075977
our_mertformer,404,3.2148282527923584,8.849431037902832,0.00015,0.5980145931243896,11,18.39419995175929
our_mertformer,405,2.1534042358398438,19.553939819335938,0.00015,0.5969007015228271,8,13.402564244924175
our_mertformer,406,3.1887857913970947,12.974019050598145,0.00015,0.5973458290100098,10,16.74072122772356
our_mertformer,407,3.5832300186157227,10.258411407470703,0.00015,0.580406665802002,9,15.506369120630035
our_mertformer,408,3.690835475921631,10.079946517944336,0.00015,0.5809235572814941,11,18.9353656985024
our_mertformer,409,2.94211745262146,11.62243938446045,0.00015,0.612971305847168,11,17.94537508537574
our_mertformer,410,2.283139705657959,7.296954154968262,0.00015,0.5652925968170166,9,15.920958545496875
our_mertformer,411,1.393021821975708,17.777053833007812,0.00015,0.5965256690979004,11,18.440111750152877
our_mertformer,412,2.5655250549316406,17.76948356628418,0.00015,0.5651590824127197,9,15.924719747187137
our_mertformer,413,2.125760316848755,9.258818626403809,0.00015,0.5966639518737793,10,16.759852792506962
our_mertformer,414,2.1942546367645264,8.995044708251953,0.00015,0.5963242053985596,8,13.415521167136115
our_mertformer,415,1.7103869915008545,18.554317474365234,0.00015,0.5812978744506836,11,18.92317258237837
our_mertformer,416,1.6420445442199707,11.86039924621582,0.00015,0.5810592174530029,8,13.76795989067509
our_mertformer,417,1.2448310852050781,11.122367858886719,0.00015,0.5804486274719238,9,15.505248137459551
our_mertformer,418,1.7113358974456787,9.221390724182129,0.00015,0.5653362274169922,10,17.688588692944307
our_mertformer,419,1.2449827194213867,6.688938617706299,0.00015,0.5653185844421387,8,14.15131258756418
our_mertformer,420,3.2500977516174316,19.165721893310547,0.00015,0.5969617366790771,10,16.751492408257878
our_mertformer,421,1.9996157884597778,6.115360260009766,0.00015,0.596583366394043,9,15.085905016760902
our_mertformer,422,2.37369441986084,6.3655571937561035,0.00015,0.5809454917907715,7,12.049323213478111
our_mertformer,423,2.704479694366455,6.344291687011719,0.00015,0.5763306617736816,10,17.351150412897663
our_mertformer,424,2.6312060356140137,16.60938262939453,0.00015,0.5969789028167725,10,16.75101071883146
our_mertformer,425,1.2332514524459839,13.80378532409668,0.00015,0.5652830600738525,11,19.45927762024725
our_mertformer,426,3.730478286743164,13.47302532196045,0.00015,0.5652377605438232,8,14.15333609754431
our_mertformer,427,2.6703128814697266,12.56411075592041,0.00015,0.5699007511138916,9,15.792223439623784
our_mertformer,428,1.866947889328003,14.088749885559082,0.00015,0.5649070739746094,11,19.472229162586856
our_mertformer,429,1.6831556558609009,10.22956371307373,0.00015,0.580420732498169,11,18.95176961142528
our_mertformer,430,1.6485735177993774,17.650096893310547,0.00015,0.5652737617492676,10,17.690543373275467
our_mertformer,431,2.199364423751831,10.309344291687012,0.00015,0.6125531196594238,9,14.69260332067846
our_mertformer,432,2.385261297225952,48.54287338256836,0.00015,0.5660061836242676,10,17.667651501557287
our_mertformer,433,1.9696155786514282,11.060480117797852,0.00015,0.6211581230163574,11,17.70885639647399
our_mertformer,434,1.4570401906967163,8.300875663757324,0.00015,0.5656318664550781,9,15.911409051977042
our_mertformer,435,2.9837560653686523,6.659256935119629,0.00015,0.5737533569335938,9,15.68618273207186
our_mertformer,436,2.9778409004211426,14.523632049560547,0.00015,0.564871072769165,8,14.162523778712254
our_mertformer,437,1.8798472881317139,18.735092163085938,0.00015,0.63460373878479,10,15.757864930246258
our_mertformer,438,1.73996901512146,12.846868515014648,0.00015,0.5648889541625977,9,15.932334901718471
our_mertformer,439,1.657124638557434,11.124686241149902,0.00015,0.5647761821746826,9,15.935516199258457
our_mertformer,440,1.888236403465271,10.692298889160156,0.00015,0.5809359550476074,7,12.049521017211534
our_mertformer,441,1.139178991317749,13.043723106384277,0.00015,0.5961127281188965,10,16.775350581015392
our_mertformer,442,1.4372797012329102,23.817378997802734,0.00015,0.5965414047241211,9,15.086966183281403
our_mertformer,443,1.7756752967834473,16.11557960510254,0.00015,0.5656862258911133,7,12.374351150185868
our_mertformer,444,2.259336233139038,10.198928833007812,0.00015,0.5709187984466553,9,15.764063163600541
our_mertformer,445,1.4547054767608643,12.065041542053223,0.00015,0.574451208114624,10,17.407918825378523
our_mertformer,446,2.211049795150757,9.853279113769531,0.00015,0.5809552669525146,9,15.491726320359929
our_mertformer,447,2.3428962230682373,21.733665466308594,0.00015,0.5648179054260254,10,17.70482115374387
our_mertformer,448,1.952597975730896,16.728988647460938,0.00015,0.5684366226196289,9,15.832899644156772
our_mertformer,449,1.5184133052825928,9.378997802734375,0.00015,0.5778481960296631,8,13.844466513813137
our_mertformer,450,1.2324066162109375,5.873823165893555,0.00015,0.5653250217437744,10,17.688939309911458
our_mertformer,451,1.198682188987732,11.490320205688477,0.00015,0.5653259754180908,8,14.15112757570275
our_mertformer,452,2.023703098297119,16.05893325805664,0.00015,0.5809259414672852,9,15.492508351870244
our_mertformer,453,3.8459813594818115,8.404301643371582,0.00015,0.5649042129516602,10,17.70211616541036
our_mertformer,454,1.3485002517700195,65.6889419555664,0.00015,0.5647804737091064,10,17.705994568697783
our_mertformer,455,2.441228151321411,24.2578182220459,0.00015,0.6125538349151611,8,13.06007659083222
our_mertformer,456,2.666269063949585,7.531494140625,0.00015,0.580418586730957,11,18.95183967480156
our_mertformer,457,2.34732723236084,11.25851058959961,0.00015,0.5659072399139404,10,17.67074052899683
our_mertformer,458,3.419365644454956,23.344575881958008,0.00015,0.5969815254211426,7,11.725655990881505
our_mertformer,459,3.4882607460021973,17.974058151245117,0.00015,0.6121382713317871,9,14.70256055126127
our_mertformer,460,1.5429086685180664,9.5051908493042,0.00015,0.5647470951080322,10,17.707041057178113
our_mertformer,461,1.6880871057510376,4.7016520500183105,0.00015,0.5812709331512451,11,18.92404965162404
our_mertformer,462,1.8040709495544434,33.210060119628906,0.00015,0.5652575492858887,8,14.152840612401734
our_mertformer,463,1.4461643695831299,15.291220664978027,0.00015,0.5964982509613037,10,16.764508502555064
our_mertformer,464,3.4606688022613525,13.334186553955078,0.00015,0.5656485557556152,10,17.67882176706279
our_mertformer,465,2.6893622875213623,10.9827880859375,0.00015,0.5812926292419434,7,12.04212757544959
our_mertformer,466,2.7075552940368652,19.273122787475586,0.00015,0.5667481422424316,10,17.644521886623863
our_mertformer,467,2.114941120147705,55.85747146606445,0.00015,0.58022141456604,10,17.23479993836355
our_mertformer,468,2.2075021266937256,16.56792449951172,0.00015,0.5808863639831543,8,13.772056801512386
our_mertformer,469,2.2772669792175293,18.634492874145508,0.00015,0.5647649765014648,9,15.935832380669336
our_mertformer,470,3.1274478435516357,12.46997356414795,0.00015,0.5652737617492676,8,14.152434698620372
our_mertformer,471,1.9765509366989136,11.707869529724121,0.00015,0.5648863315582275,11,19.472944175612678
our_mertformer,472,2.345592498779297,8.222474098205566,0.00015,0.5633201599121094,8,14.201515531146942
our_mertformer,473,2.2845265865325928,11.46487808227539,0.00015,0.5816216468811035,9,15.473977023141646
our_mertformer,474,1.217113733291626,10.54670524597168,0.00015,0.5809600353240967,9,15.491599168227165
our_mertformer,475,1.4517797231674194,8.437335014343262,0.00015,0.5809421539306641,8,13.770734221766952
our_mertformer,476,1.5082958936691284,9.580619812011719,0.00015,0.5644469261169434,10,17.71645753976199
our_mertformer,477,2.3851375579833984,8.714180946350098,0.00015,0.5653254985809326,9,15.920031950781626
our_mertformer,478,2.0293145179748535,9.62546443939209,0.00015,0.5653364658355713,10,17.688581233159848
our_mertformer,479,3.0395267009735107,12.462924003601074,0.00015,0.5809457302093506,11,18.93464299330683
our_mertformer,480,2.7105960845947266,15.172484397888184,0.00015,0.5964820384979248,9,15.08846774776993
our_mertformer,481,2.8320186138153076,9.416170120239258,0.00015,0.5966696739196777,11,18.435661272573398
our_mertformer,482,2.9105899333953857,4.8048481941223145,0.00015,0.5648922920227051,9,15.932240760046088
our_mertformer,483,2.3533694744110107,6.888180732727051,0.00015,0.5657966136932373,9,15.906776007817546
our_mertformer,484,3.0469014644622803,10.416112899780273,0.00015,0.5652921199798584,10,17.689968861331916
our_mertformer,485,1.936278223991394,7.83461856842041,0.00015,0.5809118747711182,7,12.050020500541551
our_mertformer,486,3.027264356613159,17.215662002563477,0.00015,0.5648758411407471,8,14.162404226465553
our_mertformer,487,3.066596269607544,7.967378616333008,0.00015,0.5656497478485107,8,14.143027607505479
our_mertformer,488,1.2127439975738525,11.930419921875,0.00015,0.5812673568725586,10,17.20378734805243
our_mertformer,489,2.0710859298706055,15.707977294921875,0.00015,0.5809242725372314,8,13.771158097869426
our_mertformer,490,2.5675525665283203,7.976696491241455,0.00015,0.5648019313812256,9,15.934789702277506
our_mertformer,491,2.3872978687286377,17.14752960205078,0.00015,0.5631628036499023,10,17.756854563528016
our_mertformer,492,1.426598072052002,10.79712963104248,0.00015,0.5653278827667236,8,14.151079831491547
our_mertformer,493,1.145310640335083,6.523329734802246,0.00015,0.5652844905853271,8,14.152166092008562
our_mertformer,494,1.8076192140579224,10.678772926330566,0.00015,0.5807838439941406,10,17.218109806960964
our_mertformer,495,1.8457530736923218,15.816431999206543,0.00015,0.5809080600738525,8,13.771542434757983
our_mertformer,496,1.5944316387176514,15.952593803405762,0.00015,0.5657002925872803,8,14.141763942548613
our_mertformer,497,1.342826247215271,7.069939613342285,0.00015,0.5808894634246826,9,15.493481232969426
our_mertformer,498,1.3180736303329468,4.781346321105957,0.00015,0.5743820667266846,10,17.410014308051903
our_mertformer,499,1.6083885431289673,7.50103759765625,0.00015,0.564375638961792,8,14.174956266214028
our_mertformer,500,1.7003273963928223,16.350879669189453,0.00015,0.5653462409973145,8,14.150620309931453
our_mertformer,501,1.623231053352356,7.3350396156311035,0.00015,0.5809550285339355,8,13.770429047130097
our_mertformer,502,3.214167833328247,8.402908325195312,0.00015,0.5653083324432373,10,17.689461531162024
our_mertformer,503,1.7232956886291504,5.824769020080566,0.00015,0.5649147033691406,9,15.931608694771388
our_mertformer,504,2.097240924835205,9.93038558959961,0.00015,0.5653116703033447,10,17.689357084445163
our_mertformer,505,1.9998700618743896,10.06513786315918,0.00015,0.5653460025787354,10,17.68828284694081
our_mertformer,506,1.9026180505752563,7.752654075622559,0.00015,0.56689453125,10,17.639965546942292
our_mertformer,507,1.2459081411361694,7.28672981262207,0.00015,0.5649049282073975,8,14.161675001466627
our_mertformer,508,1.8580577373504639,13.30844497680664,0.00015,0.5500354766845703,9,16.362580927050356
our_mertformer,509,2.7003657817840576,13.133882522583008,0.00015,0.5813179016113281,9,15.482062353581952
our_mertformer,510,1.8914096355438232,20.967191696166992,0.00015,0.5656893253326416,9,15.909792879170455
our_mertformer,511,2.7746899127960205,13.283808708190918,0.00015,0.5667853355407715,10,17.643364026803855
our_mertformer,512,1.3357388973236084,9.596734046936035,0.00015,0.580054521560669,8,13.791806981308508
our_mertformer,513,3.635715961456299,6.250540733337402,0.00015,0.5587749481201172,8,14.317034124228988
our_mertformer,514,2.2591044902801514,7.006515026092529,0.00015,0.6121399402618408,9,14.70252046639904
our_mertformer,515,1.0356401205062866,14.578179359436035,0.00015,0.5652928352355957,8,14.151957182803953
our_mertformer,516,1.1813981533050537,16.592302322387695,0.00015,0.565241813659668,8,14.153234609810376
our_mertformer,517,1.7849195003509521,10.065881729125977,0.00015,0.5652556419372559,8,14.152888368495066
our_mertformer,518,3.5272328853607178,11.720738410949707,0.00015,0.5647573471069336,9,15.936047660298788
our_mertformer,519,1.432633399963379,11.47032356262207,0.00015,0.565222978591919,7,12.384492961412096
our_mertformer,520,3.1930689811706543,15.335750579833984,0.00015,0.5812821388244629,8,13.762679885844317
our_mertformer,521,2.750434637069702,12.22518253326416,0.00015,0.5956861972808838,9,15.108626053586788
our_mertformer,522,1.2838515043258667,8.598331451416016,0.00015,0.5805308818817139,7,12.057928731216553
our_mertformer,523,2.427215337753296,13.459603309631348,0.00015,0.7996523380279541,9,11.25489112205332
our_mertformer,524,1.3599909543991089,12.329699516296387,0.00015,0.5720326900482178,9,15.733366565539065
our_mertformer,525,2.779083251953125,9.493212699890137,0.00015,0.5643901824951172,8,14.174590997725605
our_mertformer,526,1.9571508169174194,14.458694458007812,0.00015,0.5905733108520508,10,16.93269881358587
our_mertformer,527,2.0352447032928467,20.242637634277344,0.00015,0.5648839473724365,11,19.473026364382655
our_mertformer,528,2.441645860671997,17.458887100219727,0.00015,0.5649325847625732,10,17.701227137044583
our_mertformer,529,1.946581482887268,20.354394912719727,0.00015,0.5805692672729492,7,12.057131499365115
our_mertformer,530,2.146240472793579,18.365795135498047,0.00015,0.580052375793457,10,17.239822501064566
our_mertformer,531,1.8206732273101807,16.100629806518555,0.00015,0.5645358562469482,8,14.170933363177756
our_mertformer,532,2.60772967338562,17.714229583740234,0.00015,0.5649204254150391,10,17.701608138266803
our_mertformer,533,2.0048224925994873,14.675034523010254,0.00015,0.5644328594207764,9,15.945209159572746
our_mertformer,534,2.052783727645874,13.08983039855957,0.00015,0.5725469589233398,11,19.212397915247376
our_mertformer,535,1.4422887563705444,8.386470794677734,0.00015,0.5645363330841064,9,15.942286567867637
our_mertformer,536,1.0156067609786987,10.281789779663086,0.00015,0.5799124240875244,9,15.519584727230567
our_mertformer,537,1.6223276853561401,36.900169372558594,0.00015,0.5656895637512207,8,14.142032154438409
our_mertformer,538,1.1165331602096558,7.623369216918945,0.00015,0.570582389831543,11,19.27854801696142
our_mertformer,539,2.150423765182495,8.910953521728516,0.00015,0.5740532875061035,9,15.677987036881674
our_mertformer,540,1.6043440103530884,14.151396751403809,0.00015,0.5806069374084473,9,15.50102043246626
our_mertformer,541,1.3715307712554932,22.873655319213867,0.00015,0.5956521034240723,10,16.788323154599084
our_mertformer,542,2.204835891723633,57.26128387451172,0.00015,0.5804998874664307,8,13.781225755125796
our_mertformer,543,1.2725173234939575,9.18735408782959,0.00015,0.5652825832366943,8,14.15221384354991
our_mertformer,544,0.9262256026268005,3.90826678276062,0.00015,0.5812716484069824,9,15.483294299085737
our_mertformer,545,1.4009361267089844,11.917266845703125,0.00015,0.5652499198913574,7,12.383902683870206
our_mertformer,546,3.0584628582000732,10.79333209991455,0.00015,0.5965092182159424,10,16.764200274906564
our_mertformer,547,1.7763506174087524,13.134415626525879,0.00015,0.5968952178955078,10,16.75335921647574
our_mertformer,548,2.4034056663513184,15.532655715942383,0.00015,0.5652673244476318,9,15.92167035091693
our_mertformer,549,2.390446424484253,6.9476447105407715,0.00015,0.5643844604492188,9,15.94657654613045
our_mertformer,550,2.005699396133423,48.105506896972656,0.00015,0.5652594566345215,10,17.69099107078836
our_mertformer,551,2.314119577407837,12.821885108947754,0.00015,0.5809104442596436,9,15.492921652442115
our_mertformer,552,2.6111392974853516,9.801743507385254,0.00015,0.557274341583252,11,19.73893140091162
our_mertformer,553,1.7568809986114502,11.725244522094727,0.00015,0.565295934677124,9,15.920864538218312
our_mertformer,554,1.91061532497406,12.173210144042969,0.00015,0.5804867744445801,11,18.949613469703927
our_mertformer,555,2.787761926651001,8.545918464660645,0.00015,0.5687766075134277,11,19.339754579728055
our_mertformer,556,1.2544983625411987,61.29385757446289,0.00015,0.5653135776519775,7,12.38250818081251
our_mertformer,557,1.5867260694503784,16.714214324951172,0.00015,0.5653207302093506,10,17.68907359243094
our_mertformer,558,2.8980727195739746,36.357810974121094,0.00015,0.5652906894683838,8,14.15201090172463
our_mertformer,559,1.9333336353302002,12.230816841125488,0.00015,0.5649137496948242,11,19.471999054620962
our_mertformer,560,1.73616361618042,10.981431007385254,0.00015,0.5653314590454102,9,15.919864100959357
our_mertformer,561,1.5249356031417847,21.249113082885742,0.00015,0.596592903137207,8,13.409478989662277
our_mertformer,562,1.9091243743896484,11.742193222045898,0.00015,0.565709114074707,9,15.909236347943066
our_mertformer,563,2.283259153366089,6.940976619720459,0.00015,0.5653002262115479,8,14.151772154087594
our_mertformer,564,2.02146577835083,9.703012466430664,0.00015,0.5649268627166748,8,14.161125143755473
our_mertformer,565,2.2462942600250244,17.37648582458496,0.00015,0.5809674263000488,9,15.491402086546282
our_mertformer,566,2.649305582046509,11.299991607666016,0.00015,0.5653300285339355,11,19.457660914503666
our_mertformer,567,1.8421733379364014,13.283889770507812,0.00015,0.5803930759429932,10,17.22970244562706
our_mertformer,568,1.2683104276657104,5.651091575622559,0.00015,0.569868803024292,8,14.038318921028884
our_mertformer,569,1.1347124576568604,8.118900299072266,0.00015,0.6084918975830078,8,13.147258051876813
our_mertformer,570,2.0336883068084717,7.933507919311523,0.00015,0.5813069343566895,10,17.202616051822304
our_mertformer,571,1.4018467664718628,8.380762100219727,0.00015,0.5652523040771484,9,15.922093435238143
our_mertformer,572,2.188676595687866,8.79019832611084,0.00015,0.5651373863220215,11,19.464293579282117
our_mertformer,573,2.260864734649658,24.294532775878906,0.00015,0.5647492408752441,9,15.936276401278322
our_mertformer,574,2.1963438987731934,11.776941299438477,0.00015,0.5656492710113525,9,15.910919471191841
our_mertformer,575,1.3552874326705933,18.71709442138672,0.00015,0.5611329078674316,11,19.6031988959713
our_mertformer,576,2.15407395362854,14.13577651977539,0.00015,0.596381664276123,8,13.414228637814093
our_mertformer,577,1.4902899265289307,17.930543899536133,0.00015,0.6433990001678467,12,18.65094598665758
our_mertformer,578,1.7666969299316406,15.664920806884766,0.00015,0.5805466175079346,9,15.502631018045667
our_mertformer,579,1.3982042074203491,10.739215850830078,0.00015,0.5652570724487305,9,15.92195912031921
our_mertformer,580,1.8013997077941895,14.177045822143555,0.00015,0.565640926361084,9,15.911154197945601
our_mertformer,581,1.9757758378982544,10.824355125427246,0.00015,0.5969204902648926,11,18.427914905582455
our_mertformer,582,1.899653434753418,10.30444622039795,0.00015,0.5968918800354004,12,20.104143482883877
our_mertformer,583,1.9735134840011597,7.5585408210754395,0.00015,0.5966095924377441,12,20.11365581798317
our_mertformer,584,1.6979795694351196,14.36759090423584,0.00015,0.5808899402618408,8,13.771972013138901
our_mertformer,585,1.6525181531906128,12.576172828674316,0.00015,0.564810037612915,9,15.934561003974276
our_mertformer,586,2.136152744293213,7.647231101989746,0.00015,0.5653271675109863,9,15.919984952474618
our_mertformer,587,1.6595045328140259,13.119823455810547,0.00015,0.5653245449066162,8,14.151163384072577
our_mertformer,588,1.1523475646972656,10.496355056762695,0.00015,0.568925142288208,8,14.061603900689159
our_mertformer,589,1.029618740081787,8.008270263671875,0.00015,0.5613141059875488,9,16.03380336249672
our_mertformer,590,2.3043878078460693,13.601810455322266,0.00015,0.5653281211853027,8,14.151073863487799
our_mertformer,591,1.7735118865966797,36.77503967285156,0.00015,0.5653338432312012,10,17.68866329113497
our_mertformer,592,1.8571490049362183,8.623734474182129,0.00015,0.5808370113372803,9,15.494880361151576
our_mertformer,593,1.5840226411819458,9.265767097473145,0.00015,0.5805683135986328,9,15.502051677973618
our_mertformer,594,1.5704104900360107,9.651752471923828,0.00015,0.5809605121612549,9,15.491586453128686
our_mertformer,595,1.6000139713287354,9.61633586883545,0.00015,0.6754837036132812,11,16.284626766210735
our_mertformer,596,1.541417121887207,28.205265045166016,0.00015,0.6619899272918701,8,12.084776021785018
our_mertformer,597,1.8451257944107056,17.237802505493164,0.00015,0.6752848625183105,11,16.289421858174308
our_mertformer,598,1.4414347410202026,8.407083511352539,0.00015,0.6591141223907471,8,12.137503549434351
our_mertformer,599,1.69424307346344,10.746827125549316,0.00015,0.6217589378356934,9,14.475063328125971
our_mertformer,600,1.1401387453079224,14.229804039001465,0.00015,0.7320914268493652,9,12.2935465024259
our_mertformer,601,1.9252485036849976,17.577444076538086,0.00015,0.5969631671905518,9,15.07630703977283
our_mertformer,602,1.464176893234253,9.208270072937012,0.00015,0.565716028213501,11,19.444384552329858
our_mertformer,603,2.247982978820801,9.673014640808105,0.00015,0.7071783542633057,10,14.14070430707311
our_mertformer,604,0.9910619854927063,5.700084686279297,0.00015,0.5657238960266113,8,14.141173912200598
our_mertformer,605,2.201359987258911,7.525320053100586,0.00015,0.5813519954681396,8,13.76102612937265
our_mertformer,606,1.6953579187393188,9.517390251159668,0.00015,0.5813076496124268,10,17.202594885285382
our_mertformer,607,2.202939510345459,12.45422649383545,0.00015,0.5980792045593262,9,15.048174107025401
our_mertformer,608,1.2457866668701172,8.074568748474121,0.00015,0.5652267932891846,8,14.153610718710205
our_mertformer,609,1.5972100496292114,17.82645606994629,0.00015,0.5969836711883545,10,16.750876921129215
our_mertformer,610,1.774658441543579,10.229228973388672,0.00015,0.5813477039337158,9,15.481268678109656
our_mertformer,611,1.2817389965057373,10.955142974853516,0.00015,0.5969946384429932,8,13.400455355620279
our_mertformer,612,1.8372156620025635,14.350229263305664,0.00015,0.5808205604553223,8,13.773617093941311
our_mertformer,613,1.7222696542739868,13.063939094543457,0.00015,0.5969846248626709,7,11.725595113291678
our_mertformer,614,1.6677719354629517,10.203012466430664,0.00015,0.5767595767974854,10,17.338246996306484
our_mertformer,615,1.0099729299545288,8.75169849395752,0.00015,0.5652785301208496,8,14.152315316645227
our_mertformer,616,1.660791039466858,11.924644470214844,0.00015,0.5813264846801758,10,17.202037518558317
our_mertformer,617,1.6987096071243286,20.035289764404297,0.00015,0.5813519954681396,10,17.201282661715812
our_mertformer,618,1.2367498874664307,14.885371208190918,0.00015,0.5813555717468262,8,13.76094147676615
our_mertformer,619,1.472366452217102,10.3388671875,0.00015,0.5813283920288086,8,13.76158486269762
our_mertformer,620,2.236941337585449,13.751255989074707,0.00015,0.5813798904418945,8,13.760365866661418
our_mertformer,621,1.8781262636184692,10.081914901733398,0.00015,0.5964429378509521,10,16.766063214749547
our_mertformer,622,1.492103099822998,9.94092845916748,0.00015,0.5813581943511963,10,17.201099248562475
our_mertformer,623,1.7850762605667114,8.786566734313965,0.00015,0.5813455581665039,7,12.041031193352854
our_mertformer,624,1.9088555574417114,6.407497882843018,0.00015,0.674863338470459,8,11.854251881768484
our_mertformer,625,1.542769432067871,16.971376419067383,0.00015,0.606243371963501,11,18.14452826819896
our_mertformer,626,2.0381782054901123,10.72985553741455,0.00015,0.6473679542541504,9,13.902449049040644
our_mertformer,627,1.5269392728805542,7.504568099975586,0.00015,0.6811695098876953,11,16.148696969442415
our_mertformer,628,1.9112486839294434,18.195173263549805,0.00015,0.6269586086273193,9,14.355014631196868
our_mertformer,629,1.3832165002822876,8.021864891052246,0.00015,0.5884077548980713,9,15.295515609849588
our_mertformer,630,1.2291160821914673,7.770508766174316,0.00015,0.5793185234069824,9,15.535494958923188
our_mertformer,631,1.4099076986312866,11.821277618408203,0.00015,0.6239264011383057,9,14.424778280868052
our_mertformer,632,1.3264468908309937,8.682798385620117,0.00015,0.655235767364502,9,13.735513914632469
our_mertformer,633,0.9267553687095642,7.6613287925720215,0.00015,0.6600470542907715,9,13.635391509580492
our_mertformer,634,1.637515664100647,10.269646644592285,0.00015,0.6698987483978271,8,11.942103219528793
our_mertformer,635,1.81207275390625,12.170544624328613,0.00015,0.6715998649597168,8,11.91185468817783
our_mertformer,636,1.6787577867507935,13.864150047302246,0.00015,0.6683969497680664,8,11.968935529666911
our_mertformer,637,2.189234495162964,13.957954406738281,0.00015,0.6487061977386475,8,12.332239198403746
our_mertformer,638,1.696744441986084,5.819457530975342,0.00015,0.6813392639160156,10,14.676975964257121
our_mertformer,639,1.4193763732910156,8.978697776794434,0.00015,0.6795485019683838,10,14.715653071169971
our_mertformer,640,1.589634656906128,10.383092880249023,0.00015,0.6628091335296631,8,12.069839709959234
our_mertformer,641,1.8277018070220947,15.831120491027832,0.00015,0.6374266147613525,8,12.550464343248574
our_mertformer,642,1.8221538066864014,16.037311553955078,0.00015,0.5967283248901367,9,15.082240317077263
our_mertformer,643,1.9479213953018188,15.158055305480957,0.00015,0.5948286056518555,7,11.768095773283974
our_mertformer,644,1.6050294637680054,16.701698303222656,0.00015,0.5965499877929688,9,15.086749114348198
our_mertformer,645,2.659274101257324,22.521312713623047,0.00015,0.5965604782104492,10,16.762759795951972
our_mertformer,646,1.7700458765029907,7.922152519226074,0.00015,0.5958962440490723,10,16.78144492412088
our_mertformer,647,1.7179056406021118,12.212650299072266,0.00015,0.5807802677154541,10,17.218215831153845
our_mertformer,648,1.762726902961731,13.629979133605957,0.00015,0.632453441619873,9,14.23029650522373
our_mertformer,649,1.4652498960494995,12.224867820739746,0.00015,0.6331868171691895,9,14.213814558295159
our_mertformer,650,0.9154121279716492,18.867246627807617,0.00015,0.6906557083129883,7,10.135295945208885
our_mertformer,651,2.244525909423828,8.156776428222656,0.00015,0.6636476516723633,8,12.054589479583552
our_mertformer,652,1.5011534690856934,9.589802742004395,0.00015,0.6473164558410645,8,12.358715629445143
our_mertformer,653,1.4715229272842407,9.074302673339844,0.00015,0.6347887516021729,9,14.17794498923379
our_mertformer,654,1.50143563747406,6.771219253540039,0.00015,0.5976653099060059,8,13.385418004699236
our_mertformer,655,1.3125985860824585,12.07746696472168,0.00015,0.5809643268585205,10,17.21276081454697
our_mertformer,656,1.339109182357788,10.247693061828613,0.00015,0.6050779819488525,10,16.526795385599247
our_mertformer,657,1.502318024635315,13.071257591247559,0.00015,0.6006543636322021,9,14.983658731081754
our_mertformer,658,1.1495976448059082,11.691279411315918,0.00015,0.5801520347595215,9,15.51317492789728
our_mertformer,659,1.4103566408157349,19.575166702270508,0.00015,0.5865213871002197,10,17.049676652782118
our_mertformer,660,1.369133472442627,7.256672382354736,0.00015,0.7109313011169434,8,11.25284536977231
our_mertformer,661,1.3135507106781006,10.787023544311523,0.00015,0.6293232440948486,7,11.123059676697709
our_mertformer,662,1.2744197845458984,8.777012825012207,0.00015,0.6620051860809326,9,13.595059660000482
our_mertformer,663,1.383291482925415,10.510137557983398,0.00015,0.6506295204162598,9,13.832756918625487
our_mertformer,664,1.733402132987976,16.608596801757812,0.00015,0.6455769538879395,9,13.94101810140242
our_mertformer,665,1.8994503021240234,12.818787574768066,0.00015,0.6352992057800293,10,15.740614672612189
our_mertformer,666,2.0131752490997314,14.464900016784668,0.00015,0.7568483352661133,8,10.570149430515881
our_mertformer,667,0.8493362665176392,8.868758201599121,0.00015,0.725008487701416,8,11.034353577519331
our_mertformer,668,1.0775705575942993,4.88284158706665,0.00015,0.7310574054718018,8,10.943053090115471
our_mertformer,669,1.5980784893035889,7.533448219299316,0.00015,0.7549781799316406,8,10.596332732059036
our_mertformer,670,2.0204050540924072,17.1767635345459,0.00015,0.7728424072265625,9,11.645323698394835
our_mertformer,671,1.4949102401733398,11.131577491760254,0.00015,0.7507197856903076,10,13.320549412194756
our_mertformer,672,1.211840271949768,10.709752082824707,0.00015,0.7280929088592529,8,10.987608727757124
our_mertformer,673,1.5741045475006104,15.616755485534668,0.00015,0.7387561798095703,7,9.475386049297612
our_mertformer,674,1.547550082206726,8.489056587219238,0.00015,0.7580499649047852,8,10.553394064209
our_mertformer,675,1.6005841493606567,8.17675495147705,0.00015,0.7225379943847656,8,11.07208210803077
our_mertformer,676,2.887498140335083,11.454950332641602,0.00015,0.7262117862701416,9,12.393078947705366
our_mertformer,677,2.619086742401123,14.75584602355957,0.00015,0.745673656463623,9,12.069623114597794
our_mertformer,678,1.3937714099884033,6.244072437286377,0.00015,0.6150472164154053,8,13.007131463215613
our_mertformer,679,1.9622750282287598,9.929408073425293,0.00015,0.5955445766448975,9,15.112218888303952
our_mertformer,680,1.26285719871521,15.671585083007812,0.00015,0.59383225440979,8,13.471817909168982
our_mertformer,681,1.4982287883758545,9.628425598144531,0.00015,0.6429347991943359,9,13.998309021813618
our_mertformer,682,2.0253021717071533,19.962448120117188,0.00015,0.6011464595794678,11,18.298369431793798
our_mertformer,683,2.188800573348999,7.079471111297607,0.00015,0.6730663776397705,9,13.371638071656669
our_mertformer,684,1.4714528322219849,9.443506240844727,0.00015,0.6202480792999268,8,12.898064930776714
our_mertformer,685,1.2749887704849243,10.94682502746582,0.00015,0.610504150390625,9,14.741914521369658
our_mertformer,686,0.992920458316803,6.798680305480957,0.00015,0.5956258773803711,9,15.11015612616262
our_mertformer,687,2.0642054080963135,8.073821067810059,0.00015,0.5960485935211182,11,18.454871162463814
our_mertformer,688,1.8650009632110596,13.026375770568848,0.00015,0.5966174602508545,9,15.085042928874138
our_mertformer,689,1.6684573888778687,7.554629802703857,0.00015,0.5802605152130127,10,17.233638577543083
our_mertformer,690,1.5802408456802368,9.24866008758545,0.00015,0.6619918346405029,9,13.595333853154674
our_mertformer,691,1.97500741481781,12.435907363891602,0.00015,0.629370927810669,8,12.711105083656815
our_mertformer,692,2.0848817825317383,15.726639747619629,0.00015,0.6812324523925781,9,13.211349471668319
our_mertformer,693,1.5250084400177002,8.986074447631836,0.00015,0.6524600982666016,11,16.859268527261406
our_mertformer,694,1.8710702657699585,12.713732719421387,0.00015,0.6828179359436035,9,13.180673099283297
our_mertformer,695,1.480207920074463,12.941047668457031,0.00015,0.6363217830657959,9,14.143787372228616
our_mertformer,696,1.7888973951339722,9.41813850402832,0.00015,0.6540911197662354,11,16.817228773769738
our_mertformer,697,1.5944262742996216,7.774914741516113,0.00015,0.7370278835296631,8,10.854406161253497
our_mertformer,698,1.8866068124771118,6.138147830963135,0.00015,0.7329878807067871,9,12.278511332713586
our_mertformer,699,1.619346022605896,7.042006015777588,0.00015,0.6795895099639893,10,14.714765094784775
our_mertformer,700,1.9132393598556519,7.47179651260376,0.00015,0.6902956962585449,10,14.486545482176346
our_mertformer,701,2.2334976196289062,26.31801986694336,0.00015,0.6744587421417236,10,14.82670380733045
our_mertformer,702,1.2503974437713623,6.743936538696289,0.00015,0.627802848815918,8,12.742853931116407
our_mertformer,703,2.1463887691497803,28.84870147705078,0.00015,0.6273972988128662,9,14.344977284775384
our_mertformer,704,1.4763798713684082,16.712764739990234,0.00015,0.6585650444030762,8,12.147623181626965
our_mertformer,705,1.36501145362854,6.36718225479126,0.00015,0.6118061542510986,8,13.076037147407682
our_mertformer,706,1.6515470743179321,8.491151809692383,0.00015,0.6841509342193604,9,13.154991902874924
our_mertformer,707,1.6748392581939697,17.229238510131836,0.00015,0.6199135780334473,9,14.51815272146597
our_mertformer,708,1.9413573741912842,9.280472755432129,0.00015,0.6700279712677002,10,14.924750053464024
our_mertformer,709,2.041534900665283,16.12944984436035,0.00015,0.6748220920562744,9,13.336848490801152
our_mertformer,710,1.5920459032058716,6.553402423858643,0.00015,0.7549145221710205,7,9.272572979347455
our_mertformer,711,2.6294822692871094,21.51750373840332,0.00015,0.7373692989349365,9,12.205552920361193
our_mertformer,712,1.395816683769226,12.39735221862793,0.00015,0.5954654216766357,9,15.11422774920993
our_mertformer,713,1.5491065979003906,12.7786865234375,0.00015,0.6382036209106445,9,14.102082321560658
our_mertformer,714,1.8065762519836426,17.04082679748535,0.00015,0.6056225299835205,8,13.20954819864064
our_mertformer,715,1.6783989667892456,8.073784828186035,0.00015,0.5983610153198242,9,15.041086851538108
our_mertformer,716,1.8573131561279297,10.987505912780762,0.00015,0.5970780849456787,8,13.398582533351275
our_mertformer,717,1.3890358209609985,11.03463077545166,0.00015,0.6039807796478271,9,14.901136432268219
our_mertformer,718,1.8573853969573975,8.506665229797363,0.00015,0.745800256729126,8,10.726732697955605
our_mertformer,719,1.7773703336715698,8.936867713928223,0.00015,0.579481840133667,10,17.25679617102986
our_mertformer,720,1.9211581945419312,12.556562423706055,0.00015,0.6123371124267578,8,13.064698901386427
our_mertformer,721,2.6663424968719482,15.3028564453125,0.00015,0.5847537517547607,9,15.391094068216429
our_mertformer,722,1.6990567445755005,13.51103687286377,0.00015,0.5992753505706787,8,13.349456126272756
our_mertformer,723,2.001694440841675,18.129961013793945,0.00015,0.5795376300811768,9,15.52962143069011
our_mertformer,724,1.8686015605926514,14.606969833374023,0.00015,0.5963664054870605,10,16.768214822283397
our_mertformer,725,1.4511196613311768,32.574337005615234,0.00015,0.590811014175415,8,13.540708971320491
our_mertformer,726,1.2825541496276855,18.946826934814453,0.00015,0.5805344581604004,10,17.225506357862088
our_mertformer,727,1.3359650373458862,17.70450210571289,0.00015,0.5793702602386475,9,15.534107664229822
our_mertformer,728,1.472701907157898,6.625116348266602,0.00015,0.5808024406433105,8,13.774046801764488
our_mertformer,729,0.886383593082428,5.562243938446045,0.00015,0.6271448135375977,9,14.35075249882529
our_mertformer,730,2.075228214263916,20.187047958374023,0.00015,0.5805313587188721,9,15.503038491945338
our_mertformer,731,1.826553463935852,28.198440551757812,0.00015,0.5812687873840332,8,13.762996007412578
our_mertformer,732,2.4304685592651367,26.948036193847656,0.00015,0.5939764976501465,10,16.835682959782734
our_mertformer,733,1.4705852270126343,23.44663429260254,0.00015,0.5958430767059326,10,16.782942339926382
our_mertformer,734,1.9279104471206665,10.11918830871582,0.00015,0.596184253692627,8,13.418670403402734
our_mertformer,735,1.3768155574798584,8.692947387695312,0.00015,0.5960984230041504,7,11.74302720802746
our_mertformer,736,1.782935619354248,12.58518123626709,0.00015,0.5952780246734619,8,13.439098485767852
our_mertformer,737,1.3944225311279297,10.141875267028809,0.00015,0.5963263511657715,8,13.41547289392901
our_mertformer,738,2.4928665161132812,12.456888198852539,0.00015,0.5796623229980469,9,15.526280806817807
our_mertformer,739,1.9595413208007812,15.665184020996094,0.00015,0.6122186183929443,10,16.334034443855533
our_mertformer,740,1.323554277420044,7.297072410583496,0.00015,0.5801558494567871,9,15.513072924158054
our_mertformer,741,1.4828534126281738,11.628859519958496,0.00015,0.6111714839935303,7,11.45341394899586
our_mertformer,742,1.3851494789123535,11.316859245300293,0.00015,0.6042842864990234,10,16.548502457238992
our_mertformer,743,1.802374243736267,10.71170425415039,0.00015,0.5968019962310791,10,16.755976124664375
our_mertformer,744,2.2099428176879883,15.99079418182373,0.00015,0.6107223033905029,11,18.011459445532108
our_mertformer,745,1.4693646430969238,14.2019681930542,0.00015,0.5804269313812256,10,17.22869746275088
our_mertformer,746,1.8038685321807861,17.996997833251953,0.00015,0.5960924625396729,7,11.743144629234623
our_mertformer,747,1.5974009037017822,28.797550201416016,0.00015,0.5947458744049072,10,16.813903938393576
our_mertformer,748,1.4955490827560425,6.696793079376221,0.00015,0.5808370113372803,10,17.216533734612863
our_mertformer,749,1.646032691001892,16.867225646972656,0.00015,0.5796751976013184,8,13.800831971255286
our_mertformer,750,1.558739423751831,10.4925537109375,0.00015,0.5853636264801025,10,17.08339833161792
our_mertformer,751,2.159186840057373,7.404429912567139,0.00015,0.5810966491699219,10,17.208841273279898
our_mertformer,752,1.7841955423355103,16.46999168395996,0.00015,0.5958061218261719,11,18.462381632274134
our_mertformer,753,1.495958924293518,4.791840076446533,0.00015,0.5805716514587402,11,18.946843119813856
our_mertformer,754,1.3870489597320557,6.913546085357666,0.00015,0.6006684303283691,9,14.983307837703313
our_mertformer,755,1.4721565246582031,6.514721393585205,0.00015,0.5941929817199707,9,15.146594249478177
our_mertformer,756,1.3103477954864502,7.933865070343018,0.00015,0.5962681770324707,9,15.093879476834617
our_mertformer,757,1.9482908248901367,13.522178649902344,0.00015,0.6436686515808105,7,10.875160663500438
our_mertformer,758,1.8500239849090576,12.07039737701416,0.00015,0.577606201171875,10,17.312833518254347
our_mertformer,759,1.438697338104248,8.289743423461914,0.00015,0.5818686485290527,8,13.74880743312734
our_mertformer,760,1.8938491344451904,9.189824104309082,0.00015,0.6038105487823486,8,13.24918886583365
our_mertformer,761,1.9664311408996582,16.974206924438477,0.00015,0.6033785343170166,9,14.916009582918601
our_mertformer,762,1.8282376527786255,10.338541984558105,0.00015,0.5817241668701172,9,15.471249971310629
our_mertformer,763,1.3868253231048584,10.539514541625977,0.00015,0.5966768264770508,9,15.083542045932223
our_mertformer,764,1.5961374044418335,5.620026588439941,0.00015,0.5871129035949707,10,17.03249909645771
our_mertformer,765,1.279577612876892,10.080753326416016,0.00015,0.5962879657745361,7,11.739294437893765
our_mertformer,766,1.6704363822937012,10.980535507202148,0.00015,0.5802774429321289,10,17.233135841831494
our_mertformer,767,1.5365915298461914,18.60295867919922,0.00015,0.5796747207641602,8,13.800843323741883
our_mertformer,768,1.4624254703521729,11.925082206726074,0.00015,0.610581636428833,10,16.37782632718526
our_mertformer,769,1.331735610961914,6.534164905548096,0.00015,0.5974836349487305,9,15.063174074671153
our_mertformer,770,1.774735450744629,9.480538368225098,0.00015,0.5796685218811035,9,15.526114771238174
our_mertformer,771,1.8748668432235718,16.435564041137695,0.00015,0.5799672603607178,7,12.069646820488218
our_mertformer,772,1.2983137369155884,7.385024547576904,0.00015,0.5804195404052734,9,15.506025165375755
our_mertformer,773,2.76346755027771,6.486412525177002,0.00015,0.5955760478973389,10,16.790467036585273
our_mertformer,774,1.9413107633590698,11.29929256439209,0.00015,0.5965840816497803,9,15.08588692998915
our_mertformer,775,1.4483609199523926,7.469780921936035,0.00015,0.5789847373962402,9,15.544451206907485
our_mertformer,776,0.9100584387779236,6.025508880615234,0.00015,0.5956685543060303,10,16.787859502924853
our_mertformer,777,1.451298475265503,6.792359828948975,0.00015,0.5965092182159424,9,15.087780247415907
our_mertformer,778,1.9139069318771362,5.300703525543213,0.00015,0.580073356628418,10,17.239198949118045
our_mertformer,779,1.3374958038330078,7.9456048011779785,0.00015,0.580265998840332,9,15.510128144655381
our_mertformer,780,1.492518424987793,9.667990684509277,0.00015,0.6114823818206787,8,13.082960748893749
our_mertformer,781,1.6852905750274658,19.553852081298828,0.00015,0.5957732200622559,7,11.749437141985887
our_mertformer,782,1.959189534187317,9.267489433288574,0.00015,0.5968165397644043,9,15.080011025754725
our_mertformer,783,1.0284233093261719,8.396514892578125,0.00015,0.6020801067352295,9,14.948176993925888
our_mertformer,784,2.165191888809204,13.345458030700684,0.00015,0.5906598567962646,8,13.544174211181288
our_mertformer,785,1.4958316087722778,9.490215301513672,0.00015,0.5970368385314941,8,13.399508177212743
our_mertformer,786,1.3334660530090332,8.80512809753418,0.00015,0.5786805152893066,11,19.008761673098046
our_mertformer,787,1.105415940284729,8.45267391204834,0.00015,0.5811097621917725,10,17.208452947482737
our_mertformer,788,2.191988706588745,14.986515045166016,0.00015,0.5818941593170166,9,15.466730256518677
our_mertformer,789,1.7970709800720215,6.9157915115356445,0.00015,0.586585521697998,10,17.04781251854435
our_mertformer,790,2.6971144676208496,11.379552841186523,0.00015,0.5905256271362305,7,11.853846265650965
our_mertformer,791,1.3064641952514648,13.500905990600586,0.00015,0.5943045616149902,7,11.778472608350643
our_mertformer,792,2.1387579441070557,10.518392562866211,0.00015,0.594757080078125,10,16.813587151726615
our_mertformer,793,1.1232192516326904,13.387985229492188,0.00015,0.6011075973510742,9,14.972361087533535
our_mertformer,794,2.1633083820343018,11.180990219116211,0.00015,0.5812709331512451,8,13.762945201181118
our_mertformer,795,1.385582685470581,6.694813251495361,0.00015,0.5859823226928711,8,13.652288968780057
our_mertformer,796,1.350003719329834,8.129168510437012,0.00015,0.5965170860290527,9,15.087581245848279
our_mertformer,797,1.863124132156372,18.83960723876953,0.00015,0.5873699188232422,8,13.620036953930983
our_mertformer,798,1.7918174266815186,9.164379119873047,0.00015,0.5811710357666016,10,17.20663863919055
our_mertformer,799,1.9096614122390747,7.497989654541016,0.00015,0.6182119846343994,10,16.175681236451343
our_mertformer,800,1.6720361709594727,13.751222610473633,0.00015,0.5969908237457275,7,11.725473360008403
our_mertformer,801,1.2421678304672241,6.769417762756348,0.00015,0.6101794242858887,9,14.749759893219885
our_mertformer,802,1.1512435674667358,6.195266246795654,0.00015,0.5789501667022705,10,17.272643787220076
our_mertformer,803,1.883755087852478,14.248498916625977,0.00015,0.6123268604278564,10,16.331147049490223
our_mertformer,804,1.6832857131958008,10.975906372070312,0.00015,0.5967385768890381,8,13.40620551415696
our_mertformer,805,0.9509878754615784,5.996469497680664,0.00015,0.5812935829162598,8,13.762408936058163
our_mertformer,806,1.8237971067428589,9.75723648071289,0.00015,0.6005425453186035,12,19.981931494351805
our_mertformer,807,1.6834911108016968,11.002142906188965,0.00015,0.5839102268218994,10,17.125920288171518
our_mertformer,808,1.2790920734405518,9.495611190795898,0.00015,0.5805165767669678,9,15.503433252712782
our_mertformer,809,1.38577401638031,7.123800277709961,0.00015,0.5805854797363281,11,18.946391847408293
our_mertformer,810,1.7393327951431274,21.750225067138672,0.00015,0.5947020053863525,7,11.77060096754239
our_mertformer,811,2.281742811203003,9.967650413513184,0.00015,0.5966815948486328,9,15.08342150604316
our_mertformer,812,1.3228603601455688,12.89100456237793,0.00015,0.5971713066101074,9,15.071052310080416
our_mertformer,813,1.5376349687576294,8.02968692779541,0.00015,0.5880918502807617,9,15.303731884234237
our_mertformer,814,1.6416435241699219,11.321971893310547,0.00015,0.607309103012085,10,16.466079547305927
our_mertformer,815,2.183670997619629,7.098054885864258,0.00015,0.5856907367706299,9,15.36647147541384
our_mertformer,816,2.098862409591675,12.990676879882812,0.00015,0.5793724060058594,8,13.80804456178932
our_mertformer,817,1.7280243635177612,9.275006294250488,0.00015,0.5807209014892578,10,17.21997602351666
our_mertformer,818,1.514349341392517,7.009283542633057,0.00015,0.5847823619842529,10,17.10037896161663
our_mertformer,819,1.9160140752792358,13.307598114013672,0.00015,0.5895094871520996,7,11.874278790349521
our_mertformer,820,1.3285363912582397,7.688909530639648,0.00015,0.58750319480896,10,17.021184035010613
our_mertformer,821,1.8035753965377808,11.094487190246582,0.00015,0.5977885723114014,10,16.728322459116495
our_mertformer,822,1.6350903511047363,11.366962432861328,0.00015,0.5989890098571777,9,15.025317412995523
our_mertformer,823,1.494131326675415,5.014265537261963,0.00015,0.595163106918335,9,15.121905063303815
our_mertformer,824,2.305645704269409,8.846613883972168,0.00015,0.5959537029266357,9,15.101844246964827
our_mertformer,825,1.155367374420166,11.641409873962402,0.00015,0.5967352390289307,8,13.406280502251597
our_mertformer,826,1.9403438568115234,26.301658630371094,0.00015,0.5882024765014648,10,17.00094848202343
our_mertformer,827,1.3100512027740479,8.081984519958496,0.00015,0.5999257564544678,8,13.334983394077982
our_mertformer,828,1.3060187101364136,6.312012195587158,0.00015,0.6012840270996094,10,16.631075414121035
our_mertformer,829,1.0488826036453247,8.790226936340332,0.00015,0.5908706188201904,8,13.53934303921533
our_mertformer,830,1.7742077112197876,7.777950763702393,0.00015,0.6014788150787354,11,18.28825841282551
our_mertformer,831,1.9623134136199951,8.297636985778809,0.00015,0.592113733291626,12,20.266376753821717
our_mertformer,832,2.485255718231201,10.917108535766602,0.00015,0.5938723087310791,9,15.154772949811733
our_mertformer,833,2.2023558616638184,12.085871696472168,0.00015,0.5890154838562012,8,13.581985905744158
our_mertformer,834,0.9644218683242798,5.832154273986816,0.00015,0.5797772407531738,8,13.798402968711576
our_mertformer,835,0.8641230463981628,5.261092185974121,0.00015,0.5802123546600342,11,18.9585759621497
our_mertformer,836,2.0702083110809326,6.839800834655762,0.00015,0.5808637142181396,9,15.494168046138457
our_mertformer,837,2.1487512588500977,8.226494789123535,0.00015,0.5814683437347412,10,17.197840790042868
our_mertformer,838,1.7499547004699707,10.401154518127441,0.00015,0.595081090927124,9,15.12398921292926
our_mertformer,839,1.2886930704116821,12.241104125976562,0.00015,0.6111125946044922,10,16.363596640438953
our_mertformer,840,1.0970176458358765,9.626717567443848,0.00015,0.6149299144744873,11,17.888217406695013
our_mertformer,841,1.4549070596694946,7.007165908813477,0.00015,0.587087869644165,10,17.033225377422664
our_mertformer,842,1.5632153749465942,8.459848403930664,0.00015,0.6001830101013184,8,13.329267682284943
our_mertformer,843,1.7520153522491455,10.966943740844727,0.00015,0.607295036315918,9,14.819814854073917
our_mertformer,844,1.5973652601242065,9.871439933776855,0.00015,0.5813212394714355,10,17.20219273098032
our_mertformer,845,0.9731475114822388,6.2083048820495605,0.00015,0.5877158641815186,9,15.313522313259034
our_mertformer,846,1.7913352251052856,6.911459922790527,0.00015,0.5815584659576416,9,15.4756581269604
our_mertformer,847,1.3482060432434082,11.168468475341797,0.00015,0.6028294563293457,9,14.929595602048686
our_mertformer,848,1.0420290231704712,6.223907470703125,0.00015,0.5954663753509521,10,16.79355949209771
our_mertformer,849,1.3402351140975952,6.652262210845947,0.00015,0.5795598030090332,11,18.979922249418927
our_mertformer,850,1.2309154272079468,8.295750617980957,0.00015,0.5811901092529297,8,13.764859161631842
our_mertformer,851,1.9607484340667725,6.397736549377441,0.00015,0.6261858940124512,10,15.969698608064075
our_mertformer,852,1.3348995447158813,8.087652206420898,0.00015,0.5807480812072754,8,13.775336086120811
our_mertformer,853,1.8543000221252441,12.694986343383789,0.00015,0.5956051349639893,9,15.110682349211356
our_mertformer,854,1.3042283058166504,13.341651916503906,0.00015,0.5809762477874756,10,17.212407629542295
our_mertformer,855,2.0160419940948486,21.139310836791992,0.00015,0.5883855819702148,9,15.296092011404175
our_mertformer,856,1.8473713397979736,15.630908012390137,0.00015,0.5959160327911377,7,11.746621360753734
our_mertformer,857,1.7057746648788452,10.341307640075684,0.00015,0.5958681106567383,10,16.78223724538382
our_mertformer,858,1.0740472078323364,10.077141761779785,0.00015,0.5792834758758545,8,13.8101643377697
our_mertformer,859,1.742095947265625,10.916180610656738,0.00015,0.5953018665313721,12,20.157840374195445
our_mertformer,860,1.725740671157837,7.6463494300842285,0.00015,0.5962808132171631,9,15.09355961236042
our_mertformer,861,2.332227945327759,10.94715690612793,0.00015,0.5954129695892334,10,16.79506579592791
our_mertformer,862,1.3611799478530884,23.313575744628906,0.00015,0.5808844566345215,9,15.493614775205774
our_mertformer,863,1.613120198249817,10.735146522521973,0.00015,0.5797247886657715,8,13.799651414616733
our_mertformer,864,1.118552565574646,9.323655128479004,0.00015,0.5959117412567139,9,15.102907657130512
our_mertformer,865,1.2467149496078491,12.46976089477539,0.00015,0.5821249485015869,9,15.460598318567797
our_mertformer,866,1.1602106094360352,8.462254524230957,0.00015,0.6037118434906006,8,13.251355073216407
our_mertformer,867,1.9679946899414062,19.591455459594727,0.00015,0.5943968296051025,10,16.823777486571835
our_mertformer,868,1.2205443382263184,10.660737037658691,0.00015,0.5834615230560303,8,13.711272609885114
our_mertformer,869,1.4540499448776245,10.412771224975586,0.00015,0.5801525115966797,7,12.065792804610625
our_mertformer,870,2.306417465209961,9.125765800476074,0.00015,0.6035723686218262,8,13.254417226333423
our_mertformer,871,1.9063533544540405,13.200174331665039,0.00015,0.5831127166748047,8,13.719474419319702
our_mertformer,872,1.7893644571304321,9.627050399780273,0.00015,0.6362378597259521,12,18.860870689412888
our_mertformer,873,2.234792947769165,10.111912727355957,0.00015,0.6848113536834717,9,13.14230547082885
our_mertformer,874,2.915283679962158,22.479759216308594,0.00015,0.6441118717193604,10,15.52525335902674
our_mertformer,875,1.7684102058410645,11.55791187286377,0.00015,0.612562894821167,9,14.692368858919345
our_mertformer,876,1.8737386465072632,13.302440643310547,0.00015,0.6024038791656494,7,11.62011109506009
our_mertformer,877,1.4649361371994019,8.32310676574707,0.00015,0.5869383811950684,10,17.037563601887726
our_mertformer,878,1.8543405532836914,15.250078201293945,0.00015,0.5968859195709229,11,18.428982221439323
our_mertformer,879,1.3998380899429321,16.449626922607422,0.00015,0.5969772338867188,9,15.07595179367899
our_mertformer,880,1.549636960029602,10.280356407165527,0.00015,0.5814523696899414,8,13.758650608416968
our_mertformer,881,1.217612624168396,25.043607711791992,0.00015,0.6163835525512695,9,14.601298108536726
our_mertformer,882,1.6495792865753174,8.542342185974121,0.00015,0.594292402267456,8,13.461386969574063
our_mertformer,883,1.8135402202606201,7.945152282714844,0.00015,0.59059739112854,9,15.238807578886178
our_mertformer,884,1.9466348886489868,9.992300033569336,0.00015,0.602358341217041,8,13.28113093584181
our_mertformer,885,1.967092752456665,9.448894500732422,0.00015,0.5872118473052979,11,18.7325920798069
our_mertformer,886,1.9395824670791626,9.286933898925781,0.00015,0.606379508972168,10,16.491322434279333
our_mertformer,887,1.538325548171997,13.129133224487305,0.00015,0.6068158149719238,9,14.831518523320643
our_mertformer,888,1.0154151916503906,8.439395904541016,0.00015,0.6017017364501953,9,14.957576910275307
our_mertformer,889,1.471642255783081,9.125146865844727,0.00015,0.5831654071807861,10,17.147793536559888
our_mertformer,890,1.7545431852340698,8.064711570739746,0.00015,0.5986335277557373,9,15.034239785634432
our_mertformer,891,1.2857853174209595,9.257607460021973,0.00015,0.5995995998382568,11,18.345575952631176
our_mertformer,892,1.4523524045944214,6.964150428771973,0.00015,0.5956540107727051,9,15.109442456913632
our_mertformer,893,1.0996105670928955,4.838059902191162,0.00015,0.6041038036346436,10,16.553446510076782
our_mertformer,894,1.326706886291504,21.034772872924805,0.00015,0.5926132202148438,9,15.186971355004827
our_mertformer,895,2.245617389678955,11.535112380981445,0.00015,0.5929458141326904,9,15.178452711002636
our_mertformer,896,1.0973225831985474,7.262348175048828,0.00015,0.5970821380615234,11,18.422925923914605
our_mertformer,897,1.9674570560455322,9.82731819152832,0.00015,0.5964469909667969,9,15.089354353874196
our_mertformer,898,2.3942902088165283,12.48409652709961,0.00015,0.5867979526519775,9,15.337476825413852
our_mertformer,899,2.243577480316162,11.814931869506836,0.00015,0.5979781150817871,8,13.37841602933214
our_mertformer,900,1.8699004650115967,8.70956039428711,0.00015,0.6084461212158203,9,14.79177808220037
our_mertformer,901,0.6898545026779175,4.163872718811035,0.00015,0.6220569610595703,9,14.468128424557777
our_mertformer,902,1.4684836864471436,11.414934158325195,0.00015,0.5896832942962646,10,16.95825555298141
our_mertformer,903,1.3830708265304565,8.328531265258789,0.00015,0.5865497589111328,9,15.343966753490006
our_mertformer,904,1.8728134632110596,12.357044219970703,0.00015,0.5852248668670654,8,13.669959109610444
our_mertformer,905,1.5332574844360352,8.551774978637695,0.00015,0.5781619548797607,9,15.566572521832075
our_mertformer,906,1.9091159105300903,8.183662414550781,0.00015,0.6036438941955566,9,14.909452553966126
our_mertformer,907,1.5993599891662598,6.617912292480469,0.00015,0.5929572582244873,9,15.178159766437492
our_mertformer,908,1.5975841283798218,6.9471635818481445,0.00015,0.5822699069976807,10,17.174165932019964
our_mertformer,909,1.3495943546295166,10.211166381835938,0.00015,0.5951824188232422,11,18.48172871394373
our_mertformer,910,1.6542819738388062,17.736459732055664,0.00015,0.5906107425689697,10,16.931625653307908
our_mertformer,911,1.479445457458496,10.419941902160645,0.00015,0.5953826904296875,10,16.79591993644122
our_mertformer,912,1.7994016408920288,12.153570175170898,0.00015,0.6006720066070557,9,14.983218630142641
our_mertformer,913,1.6828147172927856,19.416746139526367,0.00015,0.5825743675231934,10,17.165190501797834
our_mertformer,914,1.8209222555160522,13.176168441772461,0.00015,0.5926101207733154,11,18.561950959672703
our_mertformer,915,2.0843138694763184,16.231321334838867,0.00015,0.5885851383209229,7,11.892926858413622
our_mertformer,916,1.537170648574829,8.64608383178711,0.00015,0.6028580665588379,11,18.246417540348894
our_mertformer,917,1.6929869651794434,10.524724006652832,0.00015,0.5970752239227295,8,13.398646735734124
our_mertformer,918,1.739310383796692,11.118667602539062,0.00015,0.595653772354126,7,11.751793281413795
our_mertformer,919,1.2196197509765625,6.5003275871276855,0.00015,0.5999124050140381,10,16.66910021599903
our_mertformer,920,1.3065543174743652,12.749135971069336,0.00015,0.5925474166870117,9,15.18865789732043
our_mertformer,921,2.0261363983154297,15.526378631591797,0.00015,0.6236751079559326,10,16.033989287747197
our_mertformer,922,1.3680336475372314,8.62318229675293,0.00015,0.5903317928314209,8,13.55170108936439
our_mertformer,923,2.03334641456604,9.367064476013184,0.00015,0.5882363319396973,8,13.599976005596533
our_mertformer,924,1.9133427143096924,12.634900093078613,0.00015,0.6093451976776123,9,14.769953114099458
our_mertformer,925,1.7702817916870117,10.213808059692383,0.00015,0.5843889713287354,9,15.400701316345078
our_mertformer,926,1.712687373161316,8.818642616271973,0.00015,0.6276953220367432,8,12.745036834178775
our_mertformer,927,1.3186473846435547,13.228806495666504,0.00015,0.5862116813659668,9,15.352815861718353
our_mertformer,928,1.6210113763809204,8.517223358154297,0.00015,0.5882236957550049,10,17.000335199289555
our_mertformer,929,1.2721772193908691,8.734381675720215,0.00015,0.5893559455871582,9,15.270907280036958
our_mertformer,930,1.0715968608856201,7.871854305267334,0.00015,0.5839881896972656,10,17.123633964556564
our_mertformer,931,2.053558826446533,14.543241500854492,0.00015,0.5986423492431641,9,15.034018243744843
our_mertformer,932,1.6830953359603882,4.8734450340271,0.00015,0.5937783718109131,10,16.841300516726246
our_mertformer,933,1.2355302572250366,10.04974365234375,0.00015,0.5736868381500244,9,15.688001539345786
our_mertformer,934,1.3467302322387695,7.856246471405029,0.00015,0.5981385707855225,8,13.374827156680054
our_mertformer,935,1.3620519638061523,8.180780410766602,0.00015,0.5833723545074463,10,17.141710474853085
our_mertformer,936,1.4649441242218018,8.534321784973145,0.00015,0.6024284362792969,11,18.259430228655738
our_mertformer,937,1.7481842041015625,10.607199668884277,0.00015,0.5934581756591797,9,15.165348408930942
our_mertformer,938,1.342671513557434,11.183030128479004,0.00015,0.5816483497619629,8,13.754014781051069
our_mertformer,939,1.3301762342453003,5.269916534423828,0.00015,0.5890207290649414,10,16.977331198300607
our_mertformer,940,1.395004153251648,8.285529136657715,0.00015,0.5770285129547119,9,15.597149530644364
our_mertformer,941,1.582976222038269,9.106861114501953,0.00015,0.6094217300415039,11,18.049897891318807
our_mertformer,942,1.8720346689224243,6.608616828918457,0.00015,0.5879943370819092,9,15.306269860803567
our_mertformer,943,1.7712819576263428,18.705472946166992,0.00015,0.5845365524291992,8,13.686056016093165
our_mertformer,944,1.6388628482818604,8.829849243164062,0.00015,0.58748459815979,9,15.319550551948408
our_mertformer,945,1.2076574563980103,10.769850730895996,0.00015,0.5889339447021484,7,11.885883065443322
our_mertformer,946,1.8488402366638184,11.577418327331543,0.00015,0.5976800918579102,9,15.058222822887032
our_mertformer,947,1.3432142734527588,19.765989303588867,0.00015,0.6103484630584717,11,18.02249152046475
our_mertformer,948,0.8770022392272949,11.823092460632324,0.00015,0.5933027267456055,9,15.169321822212007
our_mertformer,949,1.7050236463546753,6.9459662437438965,0.00015,0.5891714096069336,10,16.97298924717259
our_mertformer,950,1.6687729358673096,6.789344787597656,0.00015,0.5804452896118164,9,15.505337300641921
our_mertformer,951,1.5164992809295654,8.206992149353027,0.00015,0.6015353202819824,9,14.961714959282956
our_mertformer,952,1.6586618423461914,9.015380859375,0.00015,0.5927975177764893,9,15.182249807249354
our_mertformer,953,1.7829335927963257,11.750889778137207,0.00015,0.5783612728118896,8,13.83218478842026
our_mertformer,954,1.7956945896148682,10.236348152160645,0.00015,0.5898222923278809,8,13.563407324646892
our_mertformer,955,1.6316664218902588,7.0968475341796875,0.00015,0.5850427150726318,10,17.09276902757181
our_mertformer,956,1.8325401544570923,8.315564155578613,0.00015,0.5880954265594482,10,17.004043133787473
our_mertformer,957,1.4360709190368652,8.414358139038086,0.00015,0.6001572608947754,11,18.328529398444807
our_mertformer,958,1.4388147592544556,10.359007835388184,0.00015,0.5978584289550781,9,15.053731057584942
our_mertformer,959,1.1331803798675537,6.937764644622803,0.00015,0.5909984111785889,9,15.22846733555831
our_mertformer,960,1.882451057434082,11.409685134887695,0.00015,0.6106886863708496,9,14.737459856157576
our_mertformer,961,1.9700605869293213,12.906781196594238,0.00015,0.5917751789093018,12,20.277971141197824
our_mertformer,962,1.3570197820663452,16.068050384521484,0.00015,0.5907320976257324,10,16.92814736187851
our_mertformer,963,1.1114466190338135,20.78616714477539,0.00015,0.5884749889373779,8,13.594460513004595
our_mertformer,964,1.605238914489746,20.878154754638672,0.00015,0.5902576446533203,9,15.247578886142213
our_mertformer,965,1.43365478515625,9.348742485046387,0.00015,0.598114013671875,8,13.375376294708914
our_mertformer,966,1.3944129943847656,11.449225425720215,0.00015,0.5852022171020508,8,13.670488194006476
our_mertformer,967,1.0981675386428833,6.38446044921875,0.00015,0.5788583755493164,10,17.27538275750152
our_mertformer,968,1.6614465713500977,9.129356384277344,0.00015,0.5923547744750977,10,16.881774961400932
our_mertformer,969,1.2039053440093994,5.9325361251831055,0.00015,0.5819740295410156,10,17.18289733287013
our_mertformer,970,2.343271255493164,13.51294994354248,0.00015,0.5949678421020508,8,13.44610487137524
our_mertformer,971,1.4804937839508057,7.917646884918213,0.00015,0.586453914642334,10,17.05163824526398
our_mertformer,972,1.773639440536499,13.07424545288086,0.00015,0.5784115791320801,10,17.288727198382215
our_mertformer,973,1.1104596853256226,9.46423625946045,0.00015,0.5815486907958984,10,17.195464727663914
our_mertformer,974,1.2655906677246094,8.924033164978027,0.00015,0.5971441268920898,9,15.071738286771083
our_mertformer,975,1.1360725164413452,22.132587432861328,0.00015,0.5933308601379395,9,15.168602553232528
our_mertformer,976,1.455633282661438,14.757359504699707,0.00015,0.6062440872192383,8,13.196004989829996
our_mertformer,977,1.503788948059082,13.429407119750977,0.00015,0.584111213684082,9,15.408024686318848
our_mertformer,978,2.2202179431915283,13.76668643951416,0.00015,0.6010439395904541,6,9.9826312267425
our_mertformer,979,1.6860418319702148,15.386222839355469,0.00015,0.59039306640625,10,16.937868293187222
our_mertformer,980,1.3948237895965576,9.733125686645508,0.00015,0.586977481842041,10,17.036428669492057
our_mertformer,981,0.9866101741790771,11.181793212890625,0.00015,0.6137807369232178,7,11.40472416109025
our_mertformer,982,1.4582743644714355,10.80466079711914,0.00015,0.5762054920196533,11,19.09041158466572
our_mertformer,983,1.5115951299667358,10.956708908081055,0.00015,0.5798990726470947,8,13.795504040870412
our_mertformer,984,2.052119731903076,14.104500770568848,0.00015,0.5843398571014404,12,20.535994343300153
our_mertformer,985,1.3184847831726074,6.050090312957764,0.00015,0.5820560455322266,9,15.462428522274834
our_mertformer,986,1.4692413806915283,7.962528705596924,0.00015,0.6057412624359131,9,14.857828842313994
our_mertformer,987,1.311354637145996,9.019822120666504,0.00015,0.5922763347625732,10,16.884010744762772
our_mertformer,988,1.757155418395996,12.631518363952637,0.00015,0.5913927555084229,9,15.218312899796452
our_mertformer,989,1.8430471420288086,15.123189926147461,0.00015,0.5899908542633057,6,10.169649167684002
our_mertformer,990,1.8860914707183838,8.641816139221191,0.00015,0.5879731178283691,11,18.70833830061416
our_mertformer,991,1.2986217737197876,10.84093189239502,0.00015,0.5908770561218262,8,13.539195535036262
our_mertformer,992,1.8213152885437012,10.865904808044434,0.00015,0.5915539264678955,9,15.21416661662281
our_mertformer,993,1.2359464168548584,9.170700073242188,0.00015,0.585909366607666,11,18.774234765503877
our_mertformer,994,1.477277159690857,11.316244125366211,0.00015,0.5893290042877197,10,16.968450436418436
our_mertformer,995,1.5590401887893677,11.97776985168457,0.00015,0.5885341167449951,11,18.690505251994033
our_mertformer,996,1.3314846754074097,11.595623016357422,0.00015,0.6015598773956299,11,18.285794005449592
our_mertformer,997,1.0381996631622314,12.760623931884766,0.00015,0.5930335521697998,10,16.862452324007393
our_mertformer,998,1.6250569820404053,7.806177616119385,0.00015,0.5885660648345947,9,15.291401488682972
our_mertformer,999,0.8797030448913574,9.586272239685059,0.00015,0.5728201866149902,7,12.220239725428726
our_mertformer,1000,1.5924865007400513,7.42117166519165,0.00015,0.5851538181304932,8,13.671618901093707
our_mertformer,1001,1.725101351737976,10.877041816711426,0.00015,0.6095991134643555,9,14.763800998418363
our_mertformer,1002,1.3869203329086304,10.974770545959473,0.00015,0.5738787651062012,9,15.682754873033982
our_mertformer,1003,1.0716983079910278,7.573624610900879,0.00015,0.5895671844482422,9,15.265435793246912
our_mertformer,1004,1.4002323150634766,10.976850509643555,0.00015,0.5919630527496338,8,13.514356956638538
our_mertformer,1005,1.54348623752594,9.414837837219238,0.00015,0.5902578830718994,9,15.247572727298431
our_mertformer,1006,1.6772664785385132,12.635724067687988,0.00015,0.58443284034729,8,13.688484711513004
our_mertformer,1007,2.5313949584960938,17.21616554260254,0.00015,0.5940241813659668,11,18.51776467197909
our_mertformer,1008,1.2884838581085205,7.793741226196289,0.00015,0.6212339401245117,11,17.706695158663273
our_mertformer,1009,1.5143702030181885,7.725910663604736,0.00015,0.5912435054779053,10,16.913505023479196
our_mertformer,1010,0.8803715109825134,12.961050987243652,0.00015,0.5933201313018799,10,16.85430760297601
our_mertformer,1011,0.9528114795684814,5.5081892013549805,0.00015,0.5969023704528809,11,18.428474310889563
our_mertformer,1012,1.6281079053878784,6.30405330657959,0.00015,0.5942745208740234,10,16.827240019128865
our_mertformer,1013,1.7645061016082764,11.365869522094727,0.00015,0.5959248542785645,9,15.102575325366375
our_mertformer,1014,1.3742589950561523,6.093121528625488,0.00015,0.5884647369384766,11,18.692708856656672
our_mertformer,1015,1.5996633768081665,7.6305365562438965,0.00015,0.576430082321167,10,17.348157750081377
our_mertformer,1016,2.0161662101745605,14.465030670166016,0.00015,0.5833649635314941,7,11.999349356917783
our_mertformer,1017,1.550898551940918,8.537247657775879,0.00015,0.5882124900817871,9,15.300593155967512
our_mertformer,1018,1.0737767219543457,7.097480297088623,0.00015,0.5937948226928711,9,15.156750540843088
our_mertformer,1019,1.3483294248580933,5.433248043060303,0.00015,0.5812995433807373,8,13.762267820603105
our_mertformer,1020,1.1265581846237183,5.541971683502197,0.00015,0.6125507354736328,8,13.060142673429798
our_mertformer,1021,1.896220326423645,13.417234420776367,0.00015,0.6016590595245361,10,16.620708758050693
our_mertformer,1022,2.3562252521514893,11.496867179870605,0.00015,0.5779774188995361,10,17.30171399955367
our_mertformer,1023,1.7952646017074585,12.434255599975586,0.00015,0.5910072326660156,10,16.920266702812256
our_mertformer,1024,2.9066741466522217,18.61275291442871,0.00015,0.5889992713928223,9,15.280154725348742
our_mertformer,1025,1.06669282913208,7.1181488037109375,0.00015,0.5948913097381592,8,13.447834703655685
our_mertformer,1026,1.4310697317123413,9.247557640075684,0.00015,0.5874264240264893,8,13.618726827377534
our_mertformer,1027,1.3353558778762817,11.704004287719727,0.00015,0.5914525985717773,9,15.216773113742233
our_mertformer,1028,1.6458408832550049,8.777375221252441,0.00015,0.6059675216674805,8,13.202027689513585
our_mertformer,1029,1.3573427200317383,8.879106521606445,0.00015,0.594740629196167,9,15.132647003054291
our_mertformer,1030,1.0632370710372925,6.648752689361572,0.00015,0.5990009307861328,8,13.35557190120013
our_mertformer,1031,1.382104516029358,6.464427947998047,0.00015,0.5942745208740234,9,15.14451601721598
our_mertformer,1032,1.6044684648513794,7.8746418952941895,0.00015,0.5888361930847168,9,15.284386567428873
our_mertformer,1033,2.166543483734131,13.281071662902832,0.00015,0.6129796504974365,7,11.41962868476867
our_mertformer,1034,1.3599861860275269,9.13785171508789,0.00015,0.5926411151885986,9,15.186256520754373
our_mertformer,1035,0.7789696455001831,5.57741117477417,0.00015,0.592897891998291,10,16.866310599108733
our_mertformer,1036,1.1863048076629639,9.12121868133545,0.00015,0.5954735279083252,9,15.114021997944425
our_mertformer,1037,1.7173893451690674,7.51554012298584,0.00015,0.6070923805236816,9,14.824761912242325
our_mertformer,1038,1.4817097187042236,8.710563659667969,0.00015,0.6005799770355225,10,16.650571751259918
our_mertformer,1039,1.3625503778457642,9.688360214233398,0.00015,0.5791366100311279,8,13.813666519148235
our_mertformer,1040,1.5005556344985962,10.506753921508789,0.00015,0.5918383598327637,10,16.896505327612946
our_mertformer,1041,0.7447100877761841,5.756683349609375,0.00015,0.6023035049438477,9,14.94263261981028
our_mertformer,1042,1.6061253547668457,15.463353157043457,0.00015,0.5901143550872803,9,15.251281251527704
our_mertformer,1043,1.6903074979782104,10.525428771972656,0.00015,0.6184694766998291,9,14.552052023689606
our_mertformer,1044,1.6837676763534546,24.442955017089844,0.00015,0.5912477970123291,10,16.913382257881754
our_mertformer,1045,1.5139586925506592,21.396085739135742,0.00015,0.5950741767883301,9,15.124164937846615
our_mertformer,1046,1.8821130990982056,7.100349426269531,0.00015,0.597661018371582,9,15.058703384272683
our_mertformer,1047,1.3052103519439697,4.2661333084106445,0.00015,0.5905978679656982,10,16.93199475041247
our_mertformer,1048,1.2626416683197021,10.068378448486328,0.00015,0.5932612419128418,8,13.48478450101635
our_mertformer,1049,1.4577230215072632,13.827214241027832,0.00015,0.5878629684448242,9,15.309690324276183
our_mertformer,1050,1.0660759210586548,5.122730255126953,0.00015,0.5985095500946045,11,18.37898826887769
our_mertformer,1051,1.19089674949646,11.142742156982422,0.00015,0.594444751739502,11,18.50466333130388
our_mertformer,1052,1.6198651790618896,8.07698917388916,0.00015,0.6043660640716553,10,16.546263257452477
our_mertformer,1053,1.1223913431167603,5.451294898986816,0.00015,0.5866365432739258,10,17.04632981810438
our_mertformer,1054,2.0654685497283936,9.197832107543945,0.00015,0.5836970806121826,8,13.705739270803933
our_mertformer,1055,2.789515256881714,9.953119277954102,0.00015,0.592644453048706,8,13.498818657368798
our_mertformer,1056,1.3479747772216797,5.936816215515137,0.00015,0.5821945667266846,9,15.45874955618594
our_mertformer,1057,1.8691891431808472,11.413509368896484,0.00015,0.5957176685333252,9,15.107827877857426
our_mertformer,1058,1.8913209438323975,8.418963432312012,0.00015,0.6031227111816406,7,11.606261661554031
our_mertformer,1059,1.9415158033370972,14.564568519592285,0.00015,0.5877165794372559,11,18.716504493598944
our_mertformer,1060,1.4919006824493408,10.886310577392578,0.00015,0.6005861759185791,9,14.985359904820921
our_mertformer,1061,1.3185057640075684,9.624216079711914,0.00015,0.6023836135864258,9,14.940645457495904
our_mertformer,1062,1.3963172435760498,9.469818115234375,0.00015,0.5878810882568359,10,17.010242717029126
our_mertformer,1063,1.3263792991638184,11.898371696472168,0.00015,0.6046044826507568,7,11.577816904879736
our_mertformer,1064,1.189728856086731,10.60184097290039,0.00015,0.586660623550415,7,11.931941089955309
our_mertformer,1065,1.9403862953186035,12.126906394958496,0.00015,0.5962014198303223,8,13.418284046148
our_mertformer,1066,1.0519001483917236,9.596441268920898,0.00015,0.5808098316192627,7,12.052137582596394
our_mertformer,1067,1.389167308807373,12.849193572998047,0.00015,0.6056859493255615,9,14.859185705102796
our_mertformer,1068,1.7238725423812866,14.279026985168457,0.00015,0.5995433330535889,11,18.34729767400614
our_mertformer,1069,1.52570641040802,7.5643229484558105,0.00015,0.5985796451568604,9,15.035593129200896
our_mertformer,1070,1.6283279657363892,6.672305583953857,0.00015,0.5888197422027588,8,13.586500972389642
our_mertformer,1071,1.818600058555603,10.239701271057129,0.00015,0.6083087921142578,10,16.439019342863144
our_mertformer,1072,2.0262441635131836,7.912246227264404,0.00015,0.6139330863952637,8,13.030736048080366
our_mertformer,1073,1.2581912279129028,6.383935451507568,0.00015,0.6263697147369385,11,17.561513178554232
our_mertformer,1074,2.022378444671631,12.401846885681152,0.00015,0.6238675117492676,9,14.426139894293936
our_mertformer,1075,1.3354246616363525,5.915162086486816,0.00015,0.5947721004486084,11,18.49447879566513
our_mertformer,1076,1.9945683479309082,14.227657318115234,0.00015,0.6033961772918701,7,11.601001569842586
our_mertformer,1077,1.6205724477767944,15.521093368530273,0.00015,0.5925018787384033,10,16.877583614237146
our_mertformer,1078,1.3343591690063477,12.086718559265137,0.00015,0.5800292491912842,10,17.24050987763578
our_mertformer,1079,0.9974812865257263,4.886887550354004,0.00015,0.5825502872467041,10,17.16590004145874
our_mertformer,1080,1.7417069673538208,16.987274169921875,0.00015,0.6083509922027588,7,11.506515300737691
our_mertformer,1081,1.3547452688217163,7.91475248336792,0.00015,0.5971543788909912,10,16.746088370936103
our_mertformer,1082,1.2252980470657349,13.321161270141602,0.00015,0.5985031127929688,10,16.708350861090928
our_mertformer,1083,1.264633297920227,6.279691696166992,0.00015,0.5971217155456543,9,15.072303963649576
our_mertformer,1084,1.3865196704864502,16.254627227783203,0.00015,0.5958569049835205,9,15.104297566626187
our_mertformer,1085,1.0947942733764648,12.069972038269043,0.00015,0.5946376323699951,9,15.135268119727789
our_mertformer,1086,1.328817367553711,25.38167381286621,0.00015,0.6003963947296143,9,14.99009667446972
our_mertformer,1087,2.445631980895996,12.037580490112305,0.00015,0.5947592258453369,8,13.450821193449373
our_mertformer,1088,2.580756187438965,17.86306381225586,0.00015,0.5908498764038086,9,15.232295646363253
our_mertformer,1089,2.9101486206054688,14.377519607543945,0.00015,0.605844259262085,8,13.204713715937421
our_mertformer,1090,2.18092942237854,12.301392555236816,0.00015,0.5947122573852539,10,16.814854370021855
our_mertformer,1091,1.8289254903793335,11.64631175994873,0.00015,0.5969319343566895,9,15.077095866380905
our_mertformer,1092,1.713673710823059,9.153903007507324,0.00015,0.5871372222900391,9,15.328614263113613
our_mertformer,1093,1.903266191482544,13.453655242919922,0.00015,0.60333251953125,8,13.259686393525543
our_mertformer,1094,1.9188698530197144,9.404232025146484,0.00015,0.5958883762359619,10,16.781666497955257
our_mertformer,1095,2.118610382080078,17.324615478515625,0.00015,0.5932550430297852,7,11.799309727314961
our_mertformer,1096,1.4803165197372437,8.16467571258545,0.00015,0.5978677272796631,9,15.053496934766128
our_mertformer,1097,1.9559259414672852,8.490776062011719,0.00015,0.5916879177093506,11,18.590881562336428
our_mertformer,1098,2.0225677490234375,8.818453788757324,0.00015,0.6004798412322998,10,16.653348394640663
our_mertformer,1099,1.9190210103988647,7.614941120147705,0.00015,0.6013586521148682,9,14.966110437338266
our_mertformer,1100,1.2349560260772705,8.445505142211914,0.00015,0.5916528701782227,9,15.211622310374231
our_mertformer,1101,1.304957389831543,8.02674388885498,0.00015,0.5919532775878906,10,16.89322515578984
our_mertformer,1102,1.2638553380966187,8.238937377929688,0.00015,0.5887954235076904,8,13.587062128202003
our_mertformer,1103,1.6996272802352905,14.894312858581543,0.00015,0.6044442653656006,10,16.54412254858843
our_mertformer,1104,1.256345272064209,16.508649826049805,0.00015,0.5884096622467041,9,15.29546602894931
our_mertformer,1105,1.1638046503067017,10.171553611755371,0.00015,0.5908410549163818,12,20.31003076063881
our_mertformer,1106,1.9285483360290527,10.137323379516602,0.00015,0.5939381122589111,10,16.836771026474846
our_mertformer,1107,1.7106728553771973,8.964874267578125,0.00015,0.5979917049407959,9,15.05037599290954
our_mertformer,1108,1.8836756944656372,6.093170166015625,0.00015,0.6092522144317627,9,14.772207284292136
our_mertformer,1109,1.8281974792480469,9.802284240722656,0.00015,0.5876014232635498,8,13.614670903225257
our_mertformer,1110,1.7280174493789673,11.268548965454102,0.00015,0.5843997001647949,11,18.82273381881974
our_mertformer,1111,1.7774492502212524,8.986366271972656,0.00015,0.600578784942627,9,14.985544320983243
our_mertformer,1112,2.4712700843811035,11.71047592163086,0.00015,0.5960991382598877,10,16.775733025200573
our_mertformer,1113,1.9379011392593384,17.575319290161133,0.00015,0.6029477119445801,7,11.60963025703198
our_mertformer,1114,1.456788182258606,7.180675983428955,0.00015,0.5999689102172852,10,16.66753031649322
our_mertformer,1115,1.6940733194351196,11.910299301147461,0.00015,0.5937178134918213,9,15.158716473518743
our_mertformer,1116,0.9377502799034119,7.024824142456055,0.00015,0.600031852722168,9,14.999203724218386
our_mertformer,1117,1.2692039012908936,10.462393760681152,0.00015,0.5997676849365234,9,15.005810126219984
our_mertformer,1118,1.1196624040603638,8.068989753723145,0.00015,0.5987660884857178,10,16.701012619619203
our_mertformer,1119,1.5886473655700684,9.13394832611084,0.00015,0.5942564010620117,9,15.144977797320914
our_mertformer,1120,1.7165944576263428,11.111715316772461,0.00015,0.5952901840209961,9,15.11867697734886
our_mertformer,1121,1.41923987865448,8.665213584899902,0.00015,0.5967206954956055,10,16.75825905735432
our_mertformer,1122,1.7675539255142212,11.510120391845703,0.00015,0.5739917755126953,10,17.421852414292694
our_mertformer,1123,1.4296211004257202,8.262359619140625,0.00015,0.6083238124847412,9,14.79475209632
our_mertformer,1124,1.6384426355361938,15.672491073608398,0.00015,0.5933897495269775,9,15.167097185575548
our_mertformer,1125,1.9694173336029053,15.510760307312012,0.00015,0.5864882469177246,7,11.935448044847169
our_mertformer,1126,1.3953056335449219,6.519613742828369,0.00015,0.59572434425354,10,16.786287309662143
our_mertformer,1127,1.4686830043792725,16.315387725830078,0.00015,0.6098039150238037,10,16.398714002368532
our_mertformer,1128,2.0528361797332764,8.864715576171875,0.00015,0.6078870296478271,10,16.450425016953222
our_mertformer,1129,1.4172488451004028,10.241364479064941,0.00015,0.5868880748748779,11,18.742926412919797
our_mertformer,1130,1.0875529050827026,5.53352165222168,0.00015,0.6017696857452393,9,14.955887963771863
our_mertformer,1131,1.5284671783447266,16.18477439880371,0.00015,0.5852525234222412,7,11.960648984591769
our_mertformer,1132,1.0432407855987549,7.362066268920898,0.00015,0.5801362991333008,10,17.23732856389021
our_mertformer,1133,1.5108414888381958,8.613460540771484,0.00015,0.5949990749359131,10,16.80674881902479
our_mertformer,1134,1.9134774208068848,9.09056568145752,0.00015,0.5939345359802246,10,16.83687240631004
our_mertformer,1135,1.7023519277572632,11.57644271850586,0.00015,0.5943756103515625,9,15.141940287012554
our_mertformer,1136,1.519905924797058,11.478022575378418,0.00015,0.5999481678009033,9,15.001295916927791
our_mertformer,1137,1.3583050966262817,5.005780220031738,0.00015,0.5847065448760986,11,18.812855946962145
our_mertformer,1138,1.323728322982788,8.012471199035645,0.00015,0.5998854637145996,9,15.002863953846068
our_mertformer,1139,1.6034815311431885,6.045931339263916,0.00015,0.5968930721282959,10,16.75341944302313
our_mertformer,1140,1.5862404108047485,9.602737426757812,0.00015,0.6135778427124023,10,16.297850580447417
our_mertformer,1141,1.3820077180862427,5.968564033508301,0.00015,0.5886874198913574,11,18.68563796051571
our_mertformer,1142,1.1369847059249878,7.109911918640137,0.00015,0.5585505962371826,10,17.903481022789215
our_mertformer,1143,1.1848297119140625,8.20617389678955,0.00015,0.6016364097595215,9,14.95920102906898
our_mertformer,1144,1.5954740047454834,9.086214065551758,0.00015,0.5998985767364502,10,16.669484455858676
our_mertformer,1145,0.9643508195877075,6.729994773864746,0.00015,0.5941200256347656,9,15.148454203987287
our_mertformer,1146,1.2912482023239136,5.1081223487854,0.00015,0.5925183296203613,11,18.564826521143956
our_mertformer,1147,1.8768917322158813,13.605716705322266,0.00015,0.5887842178344727,7,11.888905626148999
our_mertformer,1148,1.0353639125823975,8.061248779296875,0.00015,0.6031572818756104,10,16.579423477908552
our_mertformer,1149,1.0631264448165894,7.246181011199951,0.00015,0.6020278930664062,11,18.27157865389246
our_mertformer,1150,1.55433189868927,5.747317314147949,0.00015,0.5905771255493164,10,16.932589440707936
our_mertformer,1151,1.5977834463119507,13.505859375,0.00015,0.5978546142578125,9,15.053827110078865
our_mertformer,1152,1.0611157417297363,6.906388282775879,0.00015,0.5967073440551758,8,13.406907221273052
our_mertformer,1153,1.453763723373413,5.065029144287109,0.00015,0.6103746891021729,8,13.106703378817286
our_mertformer,1154,1.54951012134552,8.522067070007324,0.00015,0.5997650623321533,11,18.34051479628891
our_mertformer,1155,1.407618522644043,13.703022956848145,0.00015,0.5885367393493652,9,15.292163425429674
our_mertformer,1156,1.5313959121704102,7.645841598510742,0.00015,0.5974750518798828,9,15.063390465731734
our_mertformer,1157,1.4707448482513428,8.242216110229492,0.00015,0.5969252586364746,10,16.752516090276497
our_mertformer,1158,2.411163330078125,11.349751472473145,0.00015,0.6014490127563477,10,16.626513283597472
our_mertformer,1159,1.5836142301559448,19.297956466674805,0.00015,0.5894856452941895,9,15.267547347159656
our_mertformer,1160,1.2984102964401245,12.730443000793457,0.00015,0.5857820510864258,9,15.364076081382267
our_mertformer,1161,1.0042091608047485,7.006696701049805,0.00015,0.5968198776245117,10,16.755474096811977
our_mertformer,1162,1.7275646924972534,8.024162292480469,0.00015,0.5894238948822021,8,13.572574965931471
our_mertformer,1163,1.7547863721847534,8.503497123718262,0.00015,0.6010739803314209,10,16.636887183980562
our_mertformer,1164,1.4027681350708008,8.817522048950195,0.00015,0.5903754234313965,10,16.93837447005792
our_mertformer,1165,1.4360027313232422,9.546626091003418,0.00015,0.593773603439331,7,11.789005033995632
our_mertformer,1166,2.1499247550964355,16.445310592651367,0.00015,0.602264404296875,8,13.283202432227007
our_mertformer,1167,1.2554585933685303,7.009743690490723,0.00015,0.5932362079620361,10,16.85669193111683
our_mertformer,1168,1.5315788984298706,5.809035778045654,0.00015,0.5991373062133789,9,15.02159839934038
our_mertformer,1169,2.089198112487793,9.831497192382812,0.00015,0.5883684158325195,8,13.596922922316107
our_mertformer,1170,1.74031400680542,8.629926681518555,0.00015,0.5826303958892822,11,18.879893801644943
our_mertformer,1171,1.5275968313217163,8.799022674560547,0.00015,0.591339111328125,9,15.219693450998607
our_mertformer,1172,0.8746326565742493,12.402726173400879,0.00015,0.5872402191162109,8,13.623045117788251
our_mertformer,1173,1.4904152154922485,9.991781234741211,0.00015,0.6070077419281006,8,13.179403568377538
our_mertformer,1174,1.6719350814819336,12.888401985168457,0.00015,0.5932910442352295,6,10.113080347831957
our_mertformer,1175,1.2604769468307495,6.442274570465088,0.00015,0.5914325714111328,9,15.217288385937868
our_mertformer,1176,1.5563864707946777,12.043071746826172,0.00015,0.6144187450408936,9,14.647990597033285
our_mertformer,1177,1.987592101097107,10.186575889587402,0.00015,0.5978672504425049,10,16.726121045430418
our_mertformer,1178,1.4141945838928223,8.620526313781738,0.00015,0.6204237937927246,9,14.5062134786642
our_mertformer,1179,1.6367286443710327,8.88105583190918,0.00015,0.5970921516418457,10,16.74783360073088
our_mertformer,1180,1.5008189678192139,11.033029556274414,0.00015,0.5824296474456787,8,13.735564518538926
our_mertformer,1181,1.2733418941497803,12.049118041992188,0.00015,0.5999608039855957,7,11.66742886118284
our_mertformer,1182,1.4688963890075684,8.804788589477539,0.00015,0.5791740417480469,11,18.99256390497079
our_mertformer,1183,1.4557756185531616,8.288519859313965,0.00015,0.604285478591919,8,13.238775849191791
our_mertformer,1184,1.432962417602539,12.048844337463379,0.00015,0.5941193103790283,9,15.148472441096553
our_mertformer,1185,1.6706680059432983,6.601393699645996,0.00015,0.5889499187469482,8,13.583497926310654
our_mertformer,1186,1.342023253440857,9.539261817932129,0.00015,0.5918302536010742,10,16.8967367571252
our_mertformer,1187,1.6622183322906494,7.146543502807617,0.00015,0.5823023319244385,9,15.455888645089388
our_mertformer,1188,1.058404564857483,13.8352689743042,0.00015,0.5982434749603271,8,13.372481831967368
our_mertformer,1189,1.7353975772857666,41.924739837646484,0.00015,0.5886876583099365,10,16.986936720754436
our_mertformer,1190,1.3131822347640991,8.510685920715332,0.00015,0.5866823196411133,9,15.34049978786731
our_mertformer,1191,1.9297493696212769,9.941563606262207,0.00015,0.5989065170288086,9,15.02738698628501
our_mertformer,1192,2.0558903217315674,7.610441207885742,0.00015,0.5993647575378418,9,15.015897893248706
our_mertformer,1193,1.7674909830093384,8.267091751098633,0.00015,0.607396125793457,8,13.17097633698173
our_mertformer,1194,1.677181363105774,15.245806694030762,0.00015,0.5947296619415283,10,16.81436228916923
our_mertformer,1195,1.210214614868164,4.914699554443359,0.00015,0.5926780700683594,9,15.185309621734346
our_mertformer,1196,1.2478218078613281,5.223450660705566,0.00015,0.5981554985046387,9,15.046254732255388
our_mertformer,1197,1.475558876991272,14.440469741821289,0.00015,0.5865659713745117,10,17.048380724450826
our_mertformer,1198,1.4367990493774414,12.741170883178711,0.00015,0.5915780067443848,9,15.213547321560274
our_mertformer,1199,1.565507173538208,14.064703941345215,0.00015,0.5915088653564453,9,15.215325630963399
our_mertformer,1200,1.4545940160751343,7.129853248596191,0.00015,0.610877275466919,10,16.369900144602013
our_mertformer,1201,1.4863115549087524,5.536993980407715,0.00015,0.5871236324310303,10,17.032187852146635
our_mertformer,1202,0.8544068336486816,6.511042594909668,0.00015,0.5948059558868408,9,15.130985005994475
our_mertformer,1203,1.512117862701416,17.408235549926758,0.00015,0.5984625816345215,10,16.70948244197322
our_mertformer,1204,1.3909066915512085,11.754751205444336,0.00015,0.5916383266448975,8,13.521774435011572
our_mertformer,1205,1.4923462867736816,8.431941032409668,0.00015,0.5909976959228516,9,15.228485765830895
our_mertformer,1206,1.8755961656570435,11.932820320129395,0.00015,0.5826983451843262,9,15.445384519073949
our_mertformer,1207,1.1658347845077515,4.676509857177734,0.00015,0.575812578201294,10,17.366761996130233
our_mertformer,1208,1.422203540802002,8.875255584716797,0.00015,0.5863549709320068,9,15.3490640416923
our_mertformer,1209,1.3241703510284424,11.272442817687988,0.00015,0.5840651988983154,9,15.409238586678542
our_mertformer,1210,2.6957383155822754,10.07797622680664,0.00015,0.5874717235565186,9,15.319886284082814
our_mertformer,1211,0.8717824220657349,8.14370059967041,0.00015,0.5972144603729248,10,16.74440366657498
our_mertformer,1212,1.9861866235733032,14.614616394042969,0.00015,0.6102125644683838,11,18.02650525490766
our_mertformer,1213,1.1115572452545166,5.041822910308838,0.00015,0.5839769840240479,9,15.411566288080602
our_mertformer,1214,1.372139573097229,12.914769172668457,0.00015,0.5878477096557617,8,13.608966860965959
our_mertformer,1215,1.0833932161331177,9.255476951599121,0.00015,0.5978372097015381,9,15.054265365136983
our_mertformer,1216,1.3383644819259644,7.985551834106445,0.00015,0.5846536159515381,11,18.814559082299063
our_mertformer,1217,1.4491339921951294,7.424861431121826,0.00015,0.5896165370941162,11,18.656193149216488
our_mertformer,1218,1.3163515329360962,11.05471420288086,0.00015,0.5961384773254395,9,15.097163397971354
our_mertformer,1219,1.399789810180664,8.7791166305542,0.00015,0.5938644409179688,8,13.471087758064723
our_mertformer,1220,1.9692922830581665,14.3197021484375,0.00015,0.5992867946624756,8,13.349201202582282
our_mertformer,1221,1.8114960193634033,12.072019577026367,0.00015,0.5972433090209961,9,15.069235375366265
our_mertformer,1222,1.7473856210708618,7.156561374664307,0.00015,0.5893709659576416,9,15.270518094450608
our_mertformer,1223,1.524064302444458,6.561580181121826,0.00015,0.5967423915863037,9,15.081884791317657
our_mertformer,1224,1.1957902908325195,10.32530403137207,0.00015,0.5826420783996582,9,15.446876107404192
our_mertformer,1225,1.5227792263031006,6.359308242797852,0.00015,0.5966200828552246,10,16.761085131669283
our_mertformer,1226,1.9272953271865845,8.157365798950195,0.00015,0.5983180999755859,9,15.042165698091434
our_mertformer,1227,1.742255449295044,9.944883346557617,0.00015,0.5905091762542725,7,11.854176499682046
our_mertformer,1228,1.2768124341964722,10.18147087097168,0.00015,0.5991618633270264,8,13.351984646648896
our_mertformer,1229,1.2427014112472534,8.394057273864746,0.00015,0.5883915424346924,8,13.596388498204744
our_mertformer,1230,1.5572599172592163,9.469888687133789,0.00015,0.5943508148193359,7,11.777555991284006
our_mertformer,1231,1.6181740760803223,10.021004676818848,0.00015,0.6070830821990967,9,14.824988974158885
our_mertformer,1232,2.0969412326812744,11.108467102050781,0.00015,0.5950376987457275,9,15.125092105879991
our_mertformer,1233,2.2647933959960938,9.928421020507812,0.00015,0.5821328163146973,10,17.178210401033404
our_mertformer,1234,1.4552102088928223,8.374439239501953,0.00015,0.5851373672485352,9,15.381003681785511
our_mertformer,1235,1.7914847135543823,9.690094947814941,0.00015,0.6098706722259521,9,14.757227080868011
our_mertformer,1236,1.6140575408935547,9.63742733001709,0.00015,0.6242406368255615,8,12.815570675889093
our_mertformer,1237,1.5947331190109253,11.25527286529541,0.00015,0.589277982711792,10,16.969919619228108
our_mertformer,1238,1.4965420961380005,11.007674217224121,0.00015,0.6045022010803223,7,11.579775867631433
our_mertformer,1239,1.4462047815322876,11.929471015930176,0.00015,0.587228536605835,9,15.326230656329741
our_mertformer,1240,1.5257568359375,12.142644882202148,0.00015,0.5961313247680664,7,11.742379085218264
our_mertformer,1241,1.7454100847244263,15.764777183532715,0.00015,0.6034183502197266,10,16.572250406966635
our_mertformer,1242,1.6681087017059326,7.919889450073242,0.00015,0.5928466320037842,12,20.241322716873263
our_mertformer,1243,1.5419584512710571,8.973653793334961,0.00015,0.5995843410491943,8,13.342576602319273
our_mertformer,1244,1.3197520971298218,11.046119689941406,0.00015,0.5854885578155518,10,17.079753082297348
our_mertformer,1245,1.6049046516418457,9.232670783996582,0.00015,0.5941498279571533,8,13.464617211968484
our_mertformer,1246,1.6307419538497925,6.011263370513916,0.00015,0.5892801284790039,10,16.96985782604122
our_mertformer,1247,1.6388564109802246,12.069077491760254,0.00015,0.6006138324737549,8,13.319706552628519
our_mertformer,1248,1.3730964660644531,9.1881103515625,0.00015,0.5920898914337158,10,16.889327354982374
our_mertformer,1249,1.4365203380584717,10.01013469696045,0.00015,0.5961380004882812,11,18.452103356924376
our_mertformer,1250,0.8972737193107605,5.6621575355529785,0.00015,0.6003234386444092,10,16.657687100442068
our_mertformer,1251,1.923508882522583,8.397690773010254,0.00015,0.5872199535369873,8,13.623515263426931
our_mertformer,1252,1.6978095769882202,13.360066413879395,0.00015,0.5954649448394775,7,11.755519885200002
our_mertformer,1253,1.514804720878601,6.373333930969238,0.00015,0.585484504699707,8,13.663897055829295
our_mertformer,1254,1.4053215980529785,7.692794322967529,0.00015,0.6005570888519287,9,14.986085697872777
our_mertformer,1255,1.2705717086791992,4.706275463104248,0.00015,0.6013655662536621,9,14.965938366021623
our_mertformer,1256,1.1531610488891602,6.757167339324951,0.00015,0.588191032409668,8,13.60102340769469
our_mertformer,1257,1.7688663005828857,10.444334030151367,0.00015,0.593494176864624,8,13.479491984678393
our_mertformer,1258,1.2038674354553223,7.224608421325684,0.00015,0.5908927917480469,9,15.231189355644647
our_mertformer,1259,1.8535408973693848,8.578324317932129,0.00015,0.6242706775665283,9,14.416823220150162
our_mertformer,1260,1.734652042388916,7.55895471572876,0.00015,0.6636717319488525,10,15.067690122397249
our_mertformer,1261,1.7413384914398193,11.8851900100708,0.00015,0.6120853424072266,11,17.97135013352695
our_mertformer,1262,1.5424058437347412,10.365116119384766,0.00015,0.5952117443084717,9,15.120669385407325
our_mertformer,1263,1.5205862522125244,9.523755073547363,0.00015,0.5984067916870117,9,15.039936252440336
our_mertformer,1264,1.5927516222000122,10.258459091186523,0.00015,0.5930438041687012,10,16.86216082135365
our_mertformer,1265,1.5620253086090088,6.161353588104248,0.00015,0.5959105491638184,9,15.102937869834323
our_mertformer,1266,1.7038688659667969,7.712199687957764,0.00015,0.5898003578186035,10,16.954889679933963
our_mertformer,1267,1.1937785148620605,6.7197957038879395,0.00015,0.5923950672149658,11,18.568689391210555
our_mertformer,1268,1.6078693866729736,11.337367057800293,0.00015,0.6045536994934082,12,19.84935334951307
our_mertformer,1269,2.311946392059326,20.388124465942383,0.00015,0.5964295864105225,9,15.08979467997971
our_mertformer,1270,1.428398609161377,8.999929428100586,0.00015,0.6441521644592285,10,15.524282229797503
our_mertformer,1271,1.0480165481567383,6.1442952156066895,0.00015,0.6462721824645996,9,13.926021023646623
our_mertformer,1272,1.5187361240386963,8.57867431640625,0.00015,0.6306746006011963,8,12.684829851041927
our_mertformer,1273,1.831699013710022,10.901232719421387,0.00015,0.6030571460723877,7,11.607523508493104
our_mertformer,1274,1.3616023063659668,7.712011814117432,0.00015,0.5892550945281982,8,13.576463019645844
our_mertformer,1275,1.6068131923675537,9.757073402404785,0.00015,0.6289708614349365,9,14.309088944863623
our_mertformer,1276,2.0542550086975098,12.612425804138184,0.00015,0.6265902519226074,9,14.363453584515108
our_mertformer,1277,1.4380172491073608,5.9740166664123535,0.00015,0.586453914642334,9,15.346474420737582
our_mertformer,1278,1.7196178436279297,7.471014022827148,0.00015,0.6028439998626709,10,16.588039363878583
our_mertformer,1279,1.6845405101776123,9.602333068847656,0.00015,0.5928852558135986,7,11.80666904997344
our_mertformer,1280,1.4574276208877563,16.90671730041504,0.00015,0.6104578971862793,9,14.74303148748304
our_mertformer,1281,1.4073632955551147,13.169498443603516,0.00015,0.6058762073516846,10,16.505021782767315
our_mertformer,1282,1.249071717262268,10.85954475402832,0.00015,0.5871932506561279,10,17.030168498745567
our_mertformer,1283,1.3025997877120972,9.413702011108398,0.00015,0.5929689407348633,10,16.864289700582045
our_mertformer,1284,1.393104910850525,8.317203521728516,0.00015,0.6770360469818115,9,13.293236069366605
our_mertformer,1285,1.7656514644622803,8.378857612609863,0.00015,0.747389554977417,9,12.041913002479602
our_mertformer,1286,1.693739891052246,13.38089656829834,0.00015,0.6422734260559082,9,14.012723607868177
our_mertformer,1287,1.423511028289795,8.019102096557617,0.00015,0.6071348190307617,10,16.470806296308513
our_mertformer,1288,1.2988786697387695,10.523581504821777,0.00015,0.6068408489227295,9,14.830906680024752
our_mertformer,1289,1.5148414373397827,14.62377643585205,0.00015,0.5985589027404785,8,13.365434819150318
our_mertformer,1290,1.650206208229065,11.907039642333984,0.00015,0.6287050247192383,8,12.724568256111157
our_mertformer,1291,1.7636582851409912,11.974709510803223,0.00015,0.6460001468658447,8,12.383898113356567
our_mertformer,1292,1.0590198040008545,9.021807670593262,0.00015,0.6080958843231201,7,11.511342504466702
our_mertformer,1293,1.9883756637573242,9.130857467651367,0.00015,0.6024079322814941,7,11.620032912729025
our_mertformer,1294,2.101343870162964,11.100374221801758,0.00015,0.6027708053588867,12,19.908064380880656
our_mertformer,1295,1.6461424827575684,9.026473999023438,0.00015,0.6102864742279053,7,11.47002317043966
our_mertformer,1296,1.5365828275680542,9.971622467041016,0.00015,0.5915646553039551,9,15.213890686852581
our_mertformer,1297,1.3121904134750366,8.985136985778809,0.00015,0.5918710231781006,10,16.895572867048248
our_mertformer,1298,1.2596855163574219,9.72886848449707,0.00015,0.5956039428710938,8,13.431744527136946
our_mertformer,1299,1.4034689664840698,7.104424953460693,0.00015,0.6020262241363525,9,14.949514886849174
our_mertformer,1300,1.7168042659759521,9.2843599319458,0.00015,0.6123111248016357,11,17.964723413384917
our_mertformer,1301,1.581335425376892,7.633266448974609,0.00015,0.608273983001709,7,11.507972058013095
our_mertformer,1302,1.5473613739013672,10.807517051696777,0.00015,0.5895199775695801,10,16.96295355625962
our_mertformer,1303,1.8167463541030884,8.582828521728516,0.00015,0.586655855178833,9,15.34119180870783
our_mertformer,1304,1.697220802307129,9.437960624694824,0.00015,0.6042993068695068,8,13.238472904168878
our_mertformer,1305,1.4429811239242554,5.831855297088623,0.00015,0.6010105609893799,9,14.974778455114425
our_mertformer,1306,1.2595503330230713,9.3515625,0.00015,0.5936198234558105,10,16.845798615322703
our_mertformer,1307,1.7238267660140991,12.722651481628418,0.00015,0.5874228477478027,9,15.321160956721851
our_mertformer,1308,1.4919960498809814,9.641809463500977,0.00015,0.5973756313323975,11,18.413874659509293
our_mertformer,1309,1.2560319900512695,10.408099174499512,0.00015,0.5922770500183105,9,15.195591319504548
our_mertformer,1310,1.191115379333496,7.05670690536499,0.00015,0.5963845252990723,8,13.414164286016971
our_mertformer,1311,1.5606495141983032,10.676955223083496,0.00015,0.5922622680664062,10,16.884411753339602
our_mertformer,1312,1.4597103595733643,6.0579633712768555,0.00015,0.5902035236358643,8,13.554646286618464
our_mertformer,1313,1.4635194540023804,5.019312381744385,0.00015,0.5857381820678711,10,17.072474197765843
our_mertformer,1314,1.5879597663879395,9.348531723022461,0.00015,0.587723970413208,9,15.313311100230296
our_mertformer,1315,1.5283629894256592,11.743158340454102,0.00015,0.5969705581665039,9,15.076120382958262
our_mertformer,1316,1.648825764656067,8.58447265625,0.00015,0.5914380550384521,10,16.907941440037796
our_mertformer,1317,1.2775193452835083,9.204930305480957,0.00015,0.5905134677886963,7,11.854090349900051
our_mertformer,1318,1.2237790822982788,7.2659502029418945,0.00015,0.5922160148620605,9,15.197157412395015
our_mertformer,1319,1.7922677993774414,16.814327239990234,0.00015,0.5898475646972656,7,11.867472918350849
our_mertformer,1320,1.600920557975769,10.7891263961792,0.00015,0.6179420948028564,9,14.564471454030482
our_mertformer,1321,1.4365098476409912,9.375534057617188,0.00015,0.5946905612945557,11,18.49701460883217
our_mertformer,1322,1.592544436454773,9.695465087890625,0.00015,0.5914533138275146,8,13.526004188274847
our_mertformer,1323,1.6035457849502563,11.231199264526367,0.00015,0.6103713512420654,10,16.383468817221942
our_mertformer,1324,1.600474238395691,10.75512409210205,0.00015,0.5900547504425049,10,16.947579851701242
our_mertformer,1325,1.3106956481933594,7.669181823730469,0.00015,0.5939502716064453,10,16.836426344167165
our_mertformer,1326,1.5711777210235596,8.030241966247559,0.00015,0.597496509552002,9,15.06284949973704
our_mertformer,1327,1.220644474029541,6.128857612609863,0.00015,0.6060655117034912,9,14.849879800458138
our_mertformer,1328,1.371399998664856,9.866814613342285,0.00015,0.5963568687438965,11,18.445331271473815
our_mertformer,1329,1.3026906251907349,8.288565635681152,0.00015,0.5976402759552002,8,13.385978692974986
our_mertformer,1330,1.1063895225524902,5.845266819000244,0.00015,0.6914656162261963,9,13.015831573982222
our_mertformer,1331,1.141351342201233,7.564601898193359,0.00015,0.7414162158966064,9,12.13893061283554
our_mertformer,1332,1.3827412128448486,9.100678443908691,0.00015,0.5936386585235596,8,13.476211303180328
our_mertformer,1333,1.9456863403320312,16.55523681640625,0.00015,0.5954012870788574,8,13.436316268729273
our_mertformer,1334,1.723239541053772,14.266383171081543,0.00015,0.5950522422790527,8,13.444197721799963
our_mertformer,1335,1.4764320850372314,9.26907730102539,0.00015,0.5988292694091797,9,15.029325485174816
our_mertformer,1336,1.8592870235443115,11.08926773071289,0.00015,0.592036247253418,9,15.20177192148777
our_mertformer,1337,1.3048323392868042,5.795456886291504,0.00015,0.5908801555633545,8,13.539124515651864
our_mertformer,1338,1.37427818775177,11.014939308166504,0.00015,0.6040956974029541,7,11.587568046078538
our_mertformer,1339,1.6701632738113403,9.293876647949219,0.00015,0.6053404808044434,10,16.519628733090663
our_mertformer,1340,1.21068274974823,7.525543689727783,0.00015,0.6014077663421631,10,16.627653581564545
our_mertformer,1341,1.1999304294586182,6.625039100646973,0.00015,0.5967645645141602,9,15.081324420338376
our_mertformer,1342,1.4983729124069214,14.109477996826172,0.00015,0.5972461700439453,9,15.069163188334521
our_mertformer,1343,1.5862400531768799,11.1679105758667,0.00015,0.5771207809448242,9,15.594655914600391
our_mertformer,1344,1.0555309057235718,8.48189926147461,0.00015,0.6003515720367432,7,11.659834547033686
our_mertformer,1345,1.1583635807037354,7.107874393463135,0.00015,0.6088676452636719,10,16.423930681469322
our_mertformer,1346,1.70439875125885,9.786785125732422,0.00015,0.6053471565246582,10,16.519446555941094
our_mertformer,1347,1.271289587020874,9.079874038696289,0.00015,0.5864293575286865,9,15.347117064410856
our_mertformer,1348,1.2988649606704712,6.914114952087402,0.00015,0.5917258262634277,9,15.20974681269587
our_mertformer,1349,1.5408650636672974,6.78734827041626,0.00015,0.6076040267944336,8,13.16646968619677
our_mertformer,1350,1.830817461013794,6.365725517272949,0.00015,0.592822790145874,9,15.181602579390375
our_mertformer,1351,2.2446541786193848,16.069211959838867,0.00015,0.5874025821685791,9,15.32168954173423
our_mertformer,1352,1.0847461223602295,11.732381820678711,0.00015,0.7421350479125977,8,10.779709195114272
our_mertformer,1353,1.6905124187469482,8.212092399597168,0.00015,0.7316994667053223,10,13.666813295665973
our_mertformer,1354,1.617470383644104,6.960061550140381,0.00015,0.6488988399505615,9,13.869650315117983
our_mertformer,1355,1.9520710706710815,10.545353889465332,0.00015,0.6564631462097168,9,13.709832839762825
our_mertformer,1356,1.413281798362732,8.184178352355957,0.00015,0.6629147529602051,10,15.08489584120072
our_mertformer,1357,1.5339691638946533,9.035638809204102,0.00015,0.6565980911254883,8,12.184013490333236
our_mertformer,1358,1.1522469520568848,8.791427612304688,0.00015,0.6329600811004639,10,15.798784628904256
our_mertformer,1359,1.9227765798568726,9.613861083984375,0.00015,0.6226119995117188,8,12.849093827735366
our_mertformer,1360,1.476234793663025,7.8343939781188965,0.00015,0.5904560089111328,10,16.936062719458345
our_mertformer,1361,1.4512676000595093,9.150144577026367,0.00015,0.6023221015930176,7,11.621688763348457
our_mertformer,1362,1.6878389120101929,9.858123779296875,0.00015,0.5819125175476074,9,15.46624231066432
our_mertformer,1363,1.5805039405822754,13.836621284484863,0.00015,0.5926733016967773,8,13.498161596104676
our_mertformer,1364,1.65455961227417,11.672698974609375,0.00015,0.6223428249359131,8,12.85465129420238
our_mertformer,1365,1.505567193031311,7.510778903961182,0.00015,0.6690006256103516,9,13.452902217825283
our_mertformer,1366,1.8676577806472778,9.723381996154785,0.00015,0.6604824066162109,9,13.626403837323807
our_mertformer,1367,1.8022159337997437,8.663127899169922,0.00015,0.5985841751098633,9,15.03547934314861
our_mertformer,1368,1.6240118741989136,15.558700561523438,0.00015,0.5902156829833984,8,13.554367040133402
our_mertformer,1369,2.040020227432251,18.448528289794922,0.00015,0.5890364646911621,10,16.976877662816857
our_mertformer,1370,1.569586992263794,11.311960220336914,0.00015,0.5961048603057861,7,11.742900395761215
our_mertformer,1371,1.8330343961715698,15.339203834533691,0.00015,0.6010143756866455,9,14.974683408724959
our_mertformer,1372,1.4418472051620483,8.460589408874512,0.00015,0.5952343940734863,7,11.760073123623625
our_mertformer,1373,1.957686424255371,8.49345588684082,0.00015,0.5861420631408691,9,15.354639371508481
our_mertformer,1374,1.1833516359329224,6.376415252685547,0.00015,0.5899953842163086,8,13.559428114215516
our_mertformer,1375,1.3455238342285156,11.820832252502441,0.00015,0.5817596912384033,9,15.470305240367415
our_mertformer,1376,1.523485779762268,8.850698471069336,0.00015,0.6051540374755859,9,14.872246473879127
our_mertformer,1377,1.393621563911438,8.290245056152344,0.00015,0.6044142246246338,9,14.89045034568697
our_mertformer,1378,1.4080253839492798,9.67924690246582,0.00015,0.5979781150817871,8,13.37841602933214
our_mertformer,1379,1.1374051570892334,7.947539329528809,0.00015,0.6043691635131836,7,11.582324881218568
our_mertformer,1380,1.687148094177246,10.975225448608398,0.00015,0.6136629581451416,9,14.66603105262115
our_mertformer,1381,1.5659005641937256,8.891489028930664,0.00015,0.608691930770874,7,11.500070308365833
our_mertformer,1382,1.5579500198364258,8.342535972595215,0.00015,0.592780351638794,9,15.182689465193475
our_mertformer,1383,1.413432002067566,7.276174068450928,0.00015,0.5985755920410156,10,16.706327710259824
our_mertformer,1384,1.5291781425476074,8.441977500915527,0.00015,0.5940532684326172,10,16.833507248238107
our_mertformer,1385,1.6291611194610596,7.753990650177002,0.00015,0.6039407253265381,10,16.55791633292027
our_mertformer,1386,1.1872897148132324,6.287942886352539,0.00015,0.6031827926635742,9,14.920850046562517
our_mertformer,1387,1.444018840789795,10.771123886108398,0.00015,0.5920054912567139,8,13.513388166413014
our_mertformer,1388,1.0874109268188477,11.655472755432129,0.00015,0.5921902656555176,8,13.509171737472753
our_mertformer,1389,1.36880362033844,9.822386741638184,0.00015,0.5994758605957031,9,15.013114941870453
our_mertformer,1390,1.171441912651062,5.902987957000732,0.00015,0.6028404235839844,10,16.588137770437445
our_mertformer,1391,2.340686082839966,14.391167640686035,0.00015,0.6061351299285889,7,11.54857993600321
our_mertformer,1392,1.6039564609527588,9.610922813415527,0.00015,0.6030840873718262,10,16.581435672725
our_mertformer,1393,1.265545129776001,5.349313259124756,0.00015,0.602074384689331,10,16.60924339965065
our_mertformer,1394,1.1751072406768799,8.551968574523926,0.00015,0.6024274826049805,9,14.939557473511574
our_mertformer,1395,1.7794724702835083,13.019468307495117,0.00015,0.5906655788421631,8,13.544043002610366
our_mertformer,1396,1.615697979927063,7.581494331359863,0.00015,0.6323282718658447,10,15.81457044533604
our_mertformer,1397,1.1789381504058838,6.868436813354492,0.00015,0.6554045677185059,10,15.257751460003506
our_mertformer,1398,1.866106629371643,11.65376091003418,0.00015,0.6723387241363525,8,11.89876428771277
our_mertformer,1399,1.4148672819137573,8.756782531738281,0.00015,0.8321359157562256,9,10.815540862481596
our_mertformer,1400,1.8317216634750366,13.946887969970703,0.00015,0.7155709266662598,7,9.782398556369493
our_mertformer,1401,1.339186668395996,8.748169898986816,0.00015,0.7484760284423828,8,10.688385059770601
our_mertformer,1402,1.614417552947998,7.738676071166992,0.00015,0.679823637008667,10,14.709697420939353
our_mertformer,1403,1.735342264175415,7.8411126136779785,0.00015,0.6771421432495117,11,16.244742864788357
our_mertformer,1404,1.2844390869140625,10.506999015808105,0.00015,0.6408584117889404,10,15.604070752672571
our_mertformer,1405,1.76837956905365,7.998324871063232,0.00015,0.6551966667175293,9,13.736333618864565
our_mertformer,1406,1.224418044090271,11.095992088317871,0.00015,0.7735035419464111,10,12.92818902268557
our_mertformer,1407,1.8002959489822388,11.343628883361816,0.00015,0.6609766483306885,9,13.616214767540887
our_mertformer,1408,1.483501672744751,8.321162223815918,0.00015,0.6287105083465576,8,12.724457272138105
our_mertformer,1409,1.5521905422210693,6.333841800689697,0.00015,0.6528739929199219,10,15.316891327338487
our_mertformer,1410,1.5355312824249268,13.719366073608398,0.00015,0.6307888031005859,9,14.267849961447167
our_mertformer,1411,1.5381112098693848,8.496827125549316,0.00015,0.6327581405639648,9,14.223444034996495
our_mertformer,1412,1.9332678318023682,9.703058242797852,0.00015,0.6765329837799072,8,11.824996255618775
our_mertformer,1413,1.6205222606658936,6.719939708709717,0.00015,0.7133135795593262,11,15.420987788842638
our_mertformer,1414,1.4427112340927124,9.079833030700684,0.00015,0.6036903858184814,12,19.87773912239871
our_mertformer,1415,1.6591147184371948,8.336974143981934,0.00015,0.6007959842681885,9,14.980126757942015
our_mertformer,1416,1.363155484199524,8.962911605834961,0.00015,0.5984046459197998,7,11.697770142209363
our_mertformer,1417,1.1405525207519531,11.34124755859375,0.00015,0.6160728931427002,8,12.985476376327062
our_mertformer,1418,1.1764634847640991,7.632939338684082,0.00015,0.6857156753540039,8,11.66664302353882
our_mertformer,1419,1.3966906070709229,8.346491813659668,0.00015,0.5998837947845459,8,13.335916171686682
our_mertformer,1420,1.6295832395553589,12.639851570129395,0.00015,0.604395866394043,8,13.236357898557014
our_mertformer,1421,1.402043104171753,7.581690311431885,0.00015,0.6127638816833496,10,16.319499727249877
our_mertformer,1422,1.7998710870742798,8.305060386657715,0.00015,0.5939192771911621,10,16.83730497399118
our_mertformer,1423,1.420651912689209,7.4082818031311035,0.00015,0.5879814624786377,10,17.007338901204417
our_mertformer,1424,1.614755630493164,9.520378112792969,0.00015,0.5861921310424805,8,13.647402577330489
our_mertformer,1425,1.3288604021072388,5.7875800132751465,0.00015,0.5956542491912842,9,15.109436409157226
our_mertformer,1426,1.2831034660339355,8.10832691192627,0.00015,0.5920360088348389,11,18.5799509419176
our_mertformer,1427,1.5481364727020264,8.193436622619629,0.00015,0.5957217216491699,9,15.107725088628285
our_mertformer,1428,1.8769742250442505,9.037684440612793,0.00015,0.6025819778442383,8,13.276201901391621
our_mertformer,1429,1.3855658769607544,9.054012298583984,0.00015,0.5827763080596924,10,17.159242511580832
our_mertformer,1430,1.7254528999328613,7.458023548126221,0.00015,0.5798602104187012,9,15.520982192417284
our_mertformer,1431,1.63271963596344,8.529932022094727,0.00015,0.6017029285430908,8,13.295597578975523
our_mertformer,1432,1.6285516023635864,10.199520111083984,0.00015,0.6004247665405273,8,13.323900754616886
our_mertformer,1433,1.1096187829971313,10.386099815368652,0.00015,0.5931627750396729,9,15.172900894527725
our_mertformer,1434,1.1157829761505127,10.06514835357666,0.00015,0.5839636325836182,9,15.41191865010752
our_mertformer,1435,1.5693438053131104,8.09511661529541,0.00015,0.5935263633728027,11,18.533296377082305
our_mertformer,1436,1.7521928548812866,9.311332702636719,0.00015,0.596616268157959,12,20.113430760193257
our_mertformer,1437,1.2507635354995728,7.7965192794799805,0.00015,0.5944526195526123,10,16.822198558946624
our_mertformer,1438,1.4404959678649902,6.330132007598877,0.00015,0.5999495983123779,8,13.33445346493025
our_mertformer,1439,1.749984622001648,8.974244117736816,0.00015,0.593726634979248,8,13.474214442610641
our_mertformer,1440,1.585030436515808,6.27923583984375,0.00015,0.627112865447998,8,12.756874305688092
our_mertformer,1441,1.6278998851776123,9.833827018737793,0.00015,0.5858027935028076,10,17.07059118001982
our_mertformer,1442,1.691226601600647,11.229308128356934,0.00015,0.5938582420349121,8,13.471228373605179
our_mertformer,1443,1.7241157293319702,8.574100494384766,0.00015,0.5958893299102783,10,16.78163964020916
our_mertformer,1444,0.9748944640159607,6.051928997039795,0.00015,0.6049418449401855,9,14.87746314009719
our_mertformer,1445,1.0960930585861206,8.104047775268555,0.00015,0.5937008857727051,7,11.790448974805654
our_mertformer,1446,1.4165717363357544,8.2667818069458,0.00015,0.5859417915344238,11,18.773195834340406
our_mertformer,1447,1.4506964683532715,6.435753345489502,0.00015,0.5911881923675537,8,13.532069996124411
our_mertformer,1448,0.7495636940002441,7.817269325256348,0.00015,0.5927712917327881,8,13.495930237468844
our_mertformer,1449,1.4445186853408813,13.541728019714355,0.00015,0.594951868057251,11,18.488890598695445
our_mertformer,1450,1.3111941814422607,8.922652244567871,0.00015,0.592667818069458,10,16.872858108904513
our_mertformer,1451,1.8609015941619873,9.85537052154541,0.00015,0.5907652378082275,7,11.849038420016717
our_mertformer,1452,1.7767471075057983,6.5865654945373535,0.00015,0.5947721004486084,10,16.813162541513755
our_mertformer,1453,1.541509985923767,8.709091186523438,0.00015,0.6073861122131348,10,16.46399184789222
our_mertformer,1454,1.4973243474960327,9.035149574279785,0.00015,0.5953018665313721,8,13.43856024946363
our_mertformer,1455,1.2626067399978638,7.377483367919922,0.00015,0.5922915935516357,11,18.571933351340103
our_mertformer,1456,1.3655558824539185,6.5934672355651855,0.00015,0.5950922966003418,8,13.443292823151301
our_mertformer,1457,1.8241817951202393,10.215171813964844,0.00015,0.5861940383911133,7,11.941438400179608
our_mertformer,1458,1.5441007614135742,8.937518119812012,0.00015,0.5979268550872803,8,13.379562954790227
our_mertformer,1459,1.1932218074798584,11.971376419067383,0.00015,0.6090219020843506,7,11.493839508961514
our_mertformer,1460,1.0792181491851807,5.723381042480469,0.00015,0.5948526859283447,10,16.81088484015787
our_mertformer,1461,1.678435206413269,9.83799934387207,0.00015,0.5998485088348389,9,15.003788235602737
our_mertformer,1462,1.3555843830108643,7.330746650695801,0.00015,0.5939664840698242,10,16.83596678970937
our_mertformer,1463,1.2376291751861572,5.603199005126953,0.00015,0.591038703918457,9,15.227429168905477
our_mertformer,1464,1.3955364227294922,7.283001899719238,0.00015,0.6021347045898438,9,14.946821585596087
our_mertformer,1465,1.7483769655227661,10.643678665161133,0.00015,0.5916149616241455,8,13.522308458930457
our_mertformer,1466,1.275937557220459,6.4168572425842285,0.00015,0.6004176139831543,9,14.989566912093471
our_mertformer,1467,1.2495827674865723,6.38839054107666,0.00015,0.5875835418701172,9,15.316970879333123
our_mertformer,1468,1.7960046529769897,8.594200134277344,0.00015,0.5787630081176758,9,15.55040642502517
our_mertformer,1469,1.1938837766647339,10.459307670593262,0.00015,0.6030192375183105,9,14.924896985109397
our_mertformer,1470,1.9374260902404785,10.833139419555664,0.00015,0.5981228351593018,8,13.37517902634383
our_mertformer,1471,1.5502595901489258,11.212299346923828,0.00015,0.591965913772583,7,11.825005185499933
our_mertformer,1472,2.0408787727355957,17.387435913085938,0.00015,0.6075000762939453,6,9.876541969513822
our_mertformer,1473,1.771505355834961,12.004576683044434,0.00015,0.5863666534423828,6,10.232505489143694
our_mertformer,1474,1.8763599395751953,9.454157829284668,0.00015,0.5955755710601807,11,18.469528527536752
our_mertformer,1475,1.9971849918365479,14.842397689819336,0.00015,0.5934915542602539,9,15.164495493483267
our_mertformer,1476,1.0893481969833374,12.851588249206543,0.00015,0.5804646015167236,8,13.782063504124832
our_mertformer,1477,1.3805561065673828,6.446571350097656,0.00015,0.5955202579498291,8,13.433632010338727
our_mertformer,1478,1.7524917125701904,10.926627159118652,0.00015,0.5979294776916504,8,13.37950427010987
our_mertformer,1479,1.666711449623108,9.796838760375977,0.00015,0.5855519771575928,10,17.077903226528846
our_mertformer,1480,1.8341528177261353,11.11243724822998,0.00015,0.5886406898498535,11,18.687121345290972
our_mertformer,1481,1.782832384109497,10.365312576293945,0.00015,0.6091516017913818,7,11.491392256729736
our_mertformer,1482,1.030007004737854,5.804752826690674,0.00015,0.5946521759033203,9,15.134897953292342
our_mertformer,1483,1.1583166122436523,10.735896110534668,0.00015,0.5939180850982666,8,13.469871015421868
our_mertformer,1484,1.3355003595352173,14.566800117492676,0.00015,0.5806841850280762,10,17.221064836674515
our_mertformer,1485,1.8462164402008057,12.483994483947754,0.00015,0.5923173427581787,8,13.506273449207622
our_mertformer,1486,1.3567030429840088,14.770559310913086,0.00015,0.590045690536499,9,15.253056067262774
our_mertformer,1487,1.556833267211914,12.843866348266602,0.00015,0.595869779586792,9,15.10397121706874
our_mertformer,1488,1.6358544826507568,8.164417266845703,0.00015,0.5908279418945312,10,16.92540127322736
our_mertformer,1489,1.8639909029006958,11.565354347229004,0.00015,0.6033833026885986,11,18.23053430710696
our_mertformer,1490,1.8363242149353027,12.990214347839355,0.00015,0.6012966632843018,8,13.304580731088281
our_mertformer,1491,1.778704285621643,9.133428573608398,0.00015,0.5738904476165771,10,17.424928471158516
our_mertformer,1492,1.485675573348999,5.230812072753906,0.00015,0.5754985809326172,10,17.376237459690383
our_mertformer,1493,2.054358959197998,8.974915504455566,0.00015,0.5940189361572266,7,11.784136117417006
our_mertformer,1494,1.2309777736663818,6.5910964012146,0.00015,0.5788748264312744,9,15.54740263190302
our_mertformer,1495,1.8061363697052002,6.624099254608154,0.00015,0.5996036529541016,11,18.345451942805337
our_mertformer,1496,1.4397884607315063,7.481738090515137,0.00015,0.5817117691040039,9,15.47157970323082
our_mertformer,1497,1.337378740310669,9.18820571899414,0.00015,0.5900297164916992,9,15.253469017651785
our_mertformer,1498,1.3930208683013916,6.986695766448975,0.00015,0.5940625667572021,9,15.149919391703346
our_mertformer,1499,1.6354347467422485,8.730104446411133,0.00015,0.634331226348877,10,15.764634601954914
our_mertformer,1500,1.3147292137145996,10.072535514831543,0.00015,0.6193695068359375,10,16.14545096203592
our_mertformer,1501,1.7100322246551514,7.025092124938965,0.00015,0.598175048828125,10,16.717514412529972
our_mertformer,1502,1.3180592060089111,6.414992809295654,0.00015,0.5819618701934814,11,18.90158198224034
our_mertformer,1503,1.6704663038253784,7.893123626708984,0.00015,0.5962996482849121,10,16.770092064890836
our_mertformer,1504,1.4989995956420898,11.052422523498535,0.00015,0.5913348197937012,8,13.528714583035983
our_mertformer,1505,1.170439600944519,6.015259265899658,0.00015,0.5953884124755859,8,13.436606813922571
our_mertformer,1506,1.3810006380081177,6.7203850746154785,0.00015,0.5845999717712402,10,17.105714134233825
our_mertformer,1507,1.526914119720459,5.566005706787109,0.00015,0.6219017505645752,10,16.079710325500443
our_mertformer,1508,1.3490815162658691,4.666628360748291,0.00015,0.5916383266448975,10,16.902218043764464
our_mertformer,1509,1.3447188138961792,6.517309665679932,0.00015,0.5965423583984375,9,15.086942064202583
our_mertformer,1510,1.2401177883148193,5.841589450836182,0.00015,0.6063580513000488,11,18.141096628329894
our_mertformer,1511,1.5007678270339966,13.073988914489746,0.00015,0.5872595310211182,7,11.919772485988442
our_mertformer,1512,1.3390218019485474,8.914660453796387,0.00015,0.5942559242248535,9,15.144989949809228
our_mertformer,1513,1.7192206382751465,8.110801696777344,0.00015,0.5969350337982178,9,15.077017582188473
our_mertformer,1514,1.293777585029602,7.2914862632751465,0.00015,0.6037189960479736,8,13.251198077862522
our_mertformer,1515,1.2995136976242065,7.78048849105835,0.00015,0.6012699604034424,9,14.968318047954941
our_mertformer,1516,1.3189990520477295,7.289749622344971,0.00015,0.5921115875244141,8,13.510966798416426
our_mertformer,1517,1.0511150360107422,7.686686992645264,0.00015,0.6127915382385254,9,14.686886874891547
our_mertformer,1518,2.1468729972839355,7.332489967346191,0.00015,0.594926118850708,8,13.447047871178668
our_mertformer,1519,1.7191975116729736,7.8762431144714355,0.00015,0.6039581298828125,9,14.901695257825725
our_mertformer,1520,1.0365616083145142,9.234939575195312,0.00015,0.597069501876831,8,13.398775142345677
our_mertformer,1521,1.553442120552063,9.030308723449707,0.00015,0.5946540832519531,9,15.134849408217596
our_mertformer,1522,1.5311869382858276,9.023214340209961,0.00015,0.5914459228515625,9,15.216944867263486
our_mertformer,1523,1.3837494850158691,7.079643726348877,0.00015,0.5896575450897217,8,13.567196869808098
our_mertformer,1524,1.6905838251113892,14.3834228515625,0.00015,0.5954611301422119,10,16.793707420687113
our_mertformer,1525,1.4928003549575806,9.382012367248535,0.00015,0.5909552574157715,8,13.537403889058785
our_mertformer,1526,1.54643976688385,12.221843719482422,0.00015,0.5908927917480469,8,13.53883498279524
our_mertformer,1527,1.224244475364685,9.171355247497559,0.00015,0.5985887050628662,9,15.035365558818528
our_mertformer,1528,1.8153467178344727,9.353821754455566,0.00015,0.5937159061431885,11,18.527379654448897
our_mertformer,1529,1.26633882522583,7.453415393829346,0.00015,0.600212812423706,8,13.328605845142453
our_mertformer,1530,1.4991379976272583,6.306236743927002,0.00015,0.5978796482086182,11,18.39835162972761
our_mertformer,1531,0.934918224811554,10.623592376708984,0.00015,0.583564281463623,10,17.136072781766643
our_mertformer,1532,1.4692984819412231,7.574892044067383,0.00015,0.5979247093200684,9,15.052062341150567
our_mertformer,1533,1.708727240562439,12.303171157836914,0.00015,0.584949254989624,9,15.385950017424408
our_mertformer,1534,1.8818161487579346,10.526301383972168,0.00015,0.5863652229309082,7,11.937952194727645
our_mertformer,1535,0.8315559029579163,6.243836879730225,0.00015,0.5890252590179443,9,15.279480569314295
our_mertformer,1536,1.4435615539550781,7.480880260467529,0.00015,0.5764312744140625,9,15.613309685787648
our_mertformer,1537,1.6587921380996704,8.081084251403809,0.00015,0.583451509475708,8,13.711507931805393
our_mertformer,1538,2.0343406200408936,9.930244445800781,0.00015,0.5791580677032471,7,12.086510385255838
our_mertformer,1539,1.5191532373428345,5.587562084197998,0.00015,0.5720934867858887,9,15.73169457069581
our_mertformer,1540,1.7927052974700928,8.45499324798584,0.00015,0.5924334526062012,8,13.503626381675161
our_mertformer,1541,1.4775705337524414,9.004405975341797,0.00015,0.5974352359771729,9,15.064394361138547
our_mertformer,1542,1.0448766946792603,9.50778865814209,0.00015,0.5852384567260742,8,13.669641678630267
our_mertformer,1543,1.8151119947433472,10.907273292541504,0.00015,0.58868408203125,9,15.288335925349923
our_mertformer,1544,1.2899279594421387,8.60486125946045,0.00015,0.5986838340759277,8,13.362645765018945
our_mertformer,1545,1.6768932342529297,7.271697521209717,0.00015,0.5972399711608887,8,13.394950750616964
our_mertformer,1546,1.861561894416809,9.146652221679688,0.00015,0.5937676429748535,9,15.157444341205297
our_mertformer,1547,1.4789412021636963,8.6602201461792,0.00015,0.6088337898254395,11,18.06732836420568
our_mertformer,1548,1.6738508939743042,9.529682159423828,0.00015,0.5857226848602295,7,11.951048134101898
our_mertformer,1549,1.6292362213134766,9.12358570098877,0.00015,0.5818166732788086,9,15.468790107510667
our_mertformer,1550,1.7836956977844238,8.107739448547363,0.00015,0.60300612449646,8,13.266863593931815
our_mertformer,1551,1.5307204723358154,8.541258811950684,0.00015,0.5970351696014404,11,18.42437524634137
our_mertformer,1552,1.6604143381118774,10.43731689453125,0.00015,0.5868930816650391,8,13.631102921342473
our_mertformer,1553,1.5704091787338257,10.59206771850586,0.00015,0.6145260334014893,9,14.645433245819898
our_mertformer,1554,1.4382989406585693,12.01384449005127,0.00015,0.5923917293548584,7,11.816505283798136
our_mertformer,1555,1.5294246673583984,8.199943542480469,0.00015,0.5801076889038086,8,13.790542950942564
our_mertformer,1556,1.515284538269043,7.562514305114746,0.00015,0.5862345695495605,10,17.058018273612905
our_mertformer,1557,1.2611480951309204,6.373032093048096,0.00015,0.589808464050293,8,13.56372532374822
our_mertformer,1558,1.2355502843856812,6.444163799285889,0.00015,0.5994501113891602,9,15.013759825890236
our_mertformer,1559,1.073941946029663,6.434675216674805,0.00015,0.584402322769165,8,13.689199526265309
our_mertformer,1560,2.416229486465454,12.334783554077148,0.00015,0.6201326847076416,9,14.513023135110197
our_mertformer,1561,2.0330607891082764,12.627178192138672,0.00015,0.5741293430328369,9,15.675910157208689
our_mertformer,1562,1.3250809907913208,7.239149570465088,0.00015,0.579669713973999,9,15.526082841726131
our_mertformer,1563,1.6802951097488403,10.010116577148438,0.00015,0.589207649230957,9,15.274750780555785
our_mertformer,1564,1.8085359334945679,9.70754337310791,0.00015,0.5862526893615723,10,17.057491046889652
our_mertformer,1565,1.1076980829238892,14.711832046508789,0.00015,0.5825316905975342,8,13.73315843434023
our_mertformer,1566,1.4831472635269165,5.294716835021973,0.00015,0.5889885425567627,10,16.978258959997117
our_mertformer,1567,1.2485603094100952,7.252651214599609,0.00015,0.588890790939331,10,16.981077228341686
our_mertformer,1568,1.6598881483078003,11.551390647888184,0.00015,0.6059987545013428,8,13.201347264455926
our_mertformer,1569,1.243930697441101,11.754762649536133,0.00015,0.6042098999023438,7,11.58537786476419
our_mertformer,1570,1.2110259532928467,6.074182510375977,0.00015,0.5829300880432129,9,15.439244232891314
our_mertformer,1571,2.056912422180176,7.289483070373535,0.00015,0.584550142288208,9,15.396455066745357
our_mertformer,1572,1.807499647140503,12.084683418273926,0.00015,0.5908966064453125,8,13.53874757908328
our_mertformer,1573,2.2813682556152344,15.972119331359863,0.00015,0.6032321453094482,8,13.26189272605181
our_mertformer,1574,1.7395405769348145,12.116167068481445,0.00015,0.5937495231628418,9,15.15790691006864
our_mertformer,1575,1.7969136238098145,10.448575019836426,0.00015,0.5971956253051758,10,16.74493177154446
our_mertformer,1576,1.9728389978408813,10.757888793945312,0.00015,0.5961651802062988,8,13.419099715336705
our_mertformer,1577,1.7037558555603027,7.561440467834473,0.00015,0.5850214958190918,10,17.09338899761101
our_mertformer,1578,1.8362139463424683,8.649868965148926,0.00015,0.5988571643829346,9,15.028625413997752
our_mertformer,1579,1.3863483667373657,17.028234481811523,0.00015,0.5919885635375977,9,15.202996399487713
our_mertformer,1580,1.6576780080795288,11.750093460083008,0.00015,0.5804338455200195,9,15.505643010766821
our_mertformer,1581,1.436234712600708,11.602882385253906,0.00015,0.5874264240264893,9,15.321067680799725
our_mertformer,1582,1.5971598625183105,7.5511627197265625,0.00015,0.578916072845459,10,17.27366101764718
our_mertformer,1583,1.4360698461532593,9.432085990905762,0.00015,0.59873366355896,8,13.361533661639863
our_mertformer,1584,1.367585301399231,9.324774742126465,0.00015,0.6046047210693359,8,13.231785530636904
our_mertformer,1585,1.7069835662841797,12.959112167358398,0.00015,0.5844845771789551,7,11.97636391671079
our_mertformer,1586,1.384199857711792,6.1488165855407715,0.00015,0.5912516117095947,9,15.221945820962148
our_mertformer,1587,1.8909783363342285,11.706622123718262,0.00015,0.5922393798828125,11,18.573570710844304
our_mertformer,1588,1.6915911436080933,9.350464820861816,0.00015,0.5948796272277832,9,15.129111147983291
our_mertformer,1589,1.4552968740463257,7.069016456604004,0.00015,0.6020231246948242,7,11.627460329781218
our_mertformer,1590,1.5758610963821411,10.56378173828125,0.00015,0.5859150886535645,9,15.36058752247197
our_mertformer,1591,1.6450787782669067,11.201972961425781,0.00015,0.5791573524475098,9,15.539818258312948
our_mertformer,1592,1.4327521324157715,7.838266372680664,0.00015,0.5891809463500977,9,15.275443063381251
our_mertformer,1593,1.8099687099456787,10.937779426574707,0.00015,0.5913152694702148,10,16.91145234412674
our_mertformer,1594,1.641861915588379,11.570366859436035,0.00015,0.6052355766296387,12,19.82699045357532
our_mertformer,1595,1.220322847366333,6.595377445220947,0.00015,0.5977671146392822,8,13.38313835619334
our_mertformer,1596,1.4806350469589233,9.107705116271973,0.00015,0.5921151638031006,8,13.510885194388106
our_mertformer,1597,1.6316033601760864,10.284333229064941,0.00015,0.5829989910125732,9,15.437419513142693
our_mertformer,1598,1.1913199424743652,7.140417098999023,0.00015,0.5933198928833008,9,15.1688829381121
our_mertformer,1599,1.9891126155853271,10.438454627990723,0.00015,0.5991551876068115,9,15.02115008959272
our_mertformer,1600,1.6940206289291382,9.125468254089355,0.00015,0.6087093353271484,9,14.78538191822372
our_mertformer,1601,1.2899268865585327,7.129680156707764,0.00015,0.598412275314331,9,15.039798432063455
our_mertformer,1602,1.4045987129211426,12.243826866149902,0.00015,0.5924060344696045,9,15.192282786345887
our_mertformer,1603,1.5091434717178345,13.547950744628906,0.00015,0.5914037227630615,7,11.836246088028874
our_mertformer,1604,1.8345859050750732,11.343778610229492,0.00015,0.5964095592498779,10,16.76700154266021
our_mertformer,1605,1.6616861820220947,9.704466819763184,0.00015,0.5867867469787598,8,13.633573084583624
our_mertformer,1606,1.2200937271118164,11.349447250366211,0.00015,0.5908546447753906,6,10.15478181149081
our_mertformer,1607,1.8430813550949097,10.356206893920898,0.00015,0.6054043769836426,9,14.866096682091168
our_mertformer,1608,1.6787981986999512,9.627928733825684,0.00015,0.5918874740600586,8,13.516082618075886
our_mertformer,1609,1.60701584815979,7.102741241455078,0.00015,0.6002659797668457,7,11.661497129520697
our_mertformer,1610,1.5421407222747803,9.969731330871582,0.00015,0.5822620391845703,9,15.45695819807189
our_mertformer,1611,1.594746470451355,6.464118480682373,0.00015,0.5852618217468262,7,11.960458960243054
our_mertformer,1612,1.604612112045288,7.874670505523682,0.00015,0.5867705345153809,8,13.633949780057161
our_mertformer,1613,1.3199517726898193,8.0524320602417,0.00015,0.5891718864440918,11,18.67027306138074
our_mertformer,1614,1.9884932041168213,11.103736877441406,0.00015,0.6020920276641846,10,16.608756702517702
our_mertformer,1615,1.8097238540649414,9.944478988647461,0.00015,0.6270878314971924,8,12.757383572409214
our_mertformer,1616,1.6417378187179565,8.587763786315918,0.00015,0.6787855625152588,10,14.732193128776519
our_mertformer,1617,1.667157769203186,10.074122428894043,0.00015,0.6388487815856934,10,15.653156565750809
our_mertformer,1618,1.5162359476089478,9.435102462768555,0.00015,0.6059184074401855,8,13.20309781278552
our_mertformer,1619,1.5219573974609375,8.107050895690918,0.00015,0.5906925201416016,10,16.929281578853896
our_mertformer,1620,1.21803617477417,8.644645690917969,0.00015,0.5975310802459717,9,15.061978025134994
our_mertformer,1621,1.3267778158187866,9.289340019226074,0.00015,0.5826094150543213,8,13.731326328212695
our_mertformer,1622,1.3181203603744507,9.27649211883545,0.00015,0.5704169273376465,9,15.777932892010123
our_mertformer,1623,1.553066372871399,8.629538536071777,0.00015,0.5952255725860596,10,16.800353446766888
our_mertformer,1624,2.209105968475342,11.60922622680664,0.00015,0.5926482677459717,8,13.498731769564642
our_mertformer,1625,1.46978759765625,10.21754264831543,0.00015,0.5879311561584473,8,13.60703530711341
our_mertformer,1626,1.1869312524795532,6.740133285522461,0.00015,0.5889394283294678,9,15.281707365948625
our_mertformer,1627,1.380354881286621,7.904596328735352,0.00015,0.5962085723876953,10,16.77265383815602
our_mertformer,1628,2.0432703495025635,11.155110359191895,0.00015,0.6023142337799072,8,13.282103512305994
our_mertformer,1629,1.5308682918548584,9.871052742004395,0.00015,0.5937514305114746,10,16.84206468586646
our_mertformer,1630,1.9386123418807983,6.541518688201904,0.00015,0.5862159729003906,10,17.058559408614396
our_mertformer,1631,2.0334157943725586,8.958073616027832,0.00015,0.6305522918701172,7,11.10137904540656
our_mertformer,1632,1.3914545774459839,5.507748603820801,0.00015,0.6838583946228027,8,11.698328283902368
our_mertformer,1633,1.5404425859451294,6.62920618057251,0.00015,0.697476863861084,11,15.771132448904947
our_mertformer,1634,2.0652124881744385,22.7608642578125,0.00015,0.6594126224517822,10,15.165011495865357
our_mertformer,1635,1.2498294115066528,8.119379997253418,0.00015,0.6044483184814453,10,16.54401161231284
our_mertformer,1636,1.4631730318069458,17.23612403869629,0.00015,0.5917913913726807,10,16.897846345491192
our_mertformer,1637,1.4886175394058228,16.455320358276367,0.00015,0.5913593769073486,10,16.910190977772814
our_mertformer,1638,1.3951194286346436,8.45425033569336,0.00015,0.598015546798706,9,15.049775960138088
our_mertformer,1639,1.6524617671966553,12.863870620727539,0.00015,0.5951137542724609,8,13.442808106124463
our_mertformer,1640,1.821658730506897,8.163756370544434,0.00015,0.6293716430664062,10,15.888863297491909
our_mertformer,1641,1.8120132684707642,7.396000385284424,0.00015,0.6015698909759521,8,13.298537908905752
our_mertformer,1642,1.8907403945922852,8.673343658447266,0.00015,0.5855107307434082,10,17.07910628265216
our_mertformer,1643,1.4846760034561157,7.321267604827881,0.00015,0.5911989212036133,8,13.531824421656447
our_mertformer,1644,1.649079442024231,12.845734596252441,0.00015,0.8215134143829346,9,10.955390188923687
our_mertformer,1645,1.082328200340271,7.636002540588379,0.00015,0.5846211910247803,9,15.394583942850128
our_mertformer,1646,1.2498859167099,7.165860176086426,0.00015,0.583320140838623,8,13.714595879543305
our_mertformer,1647,1.220274567604065,5.260457515716553,0.00015,0.5901801586151123,8,13.55518291020221
our_mertformer,1648,1.1851513385772705,5.504122257232666,0.00015,0.6215338706970215,9,14.480304975023994
our_mertformer,1649,1.7418245077133179,10.430900573730469,0.00015,0.6003646850585938,7,11.65957987571641
our_mertformer,1650,1.2364674806594849,8.360255241394043,0.00015,0.5874068737030029,8,13.619180091591602
our_mertformer,1651,2.0002973079681396,9.87607192993164,0.00015,0.5860774517059326,10,17.062591251194476
our_mertformer,1652,1.6626582145690918,10.765205383300781,0.00015,0.588371753692627,10,16.99605723293122
our_mertformer,1653,1.4419543743133545,7.928190231323242,0.00015,0.6311306953430176,7,11.091205120669217
our_mertformer,1654,1.4831558465957642,10.320145606994629,0.00015,0.6057643890380859,11,18.15887529715518
our_mertformer,1655,1.6848028898239136,6.459172248840332,0.00015,0.6000063419342041,9,14.999841453320718
our_mertformer,1656,1.5272785425186157,10.517423629760742,0.00015,0.593548059463501,10,16.847835386807343
our_mertformer,1657,1.387863039970398,6.36109733581543,0.00015,0.6032309532165527,10,16.577398667422358
our_mertformer,1658,2.169715642929077,12.915494918823242,0.00015,0.6035163402557373,8,13.255647720507511
our_mertformer,1659,2.181243896484375,12.731796264648438,0.00015,0.584068775177002,8,13.697017097987478
our_mertformer,1660,1.339358925819397,7.7408576011657715,0.00015,0.5940778255462646,8,13.466249127618699
our_mertformer,1661,1.2654495239257812,8.195352554321289,0.00015,0.6097335815429688,10,16.400605613183348
our_mertformer,1662,1.3656704425811768,7.2577691078186035,0.00015,0.5847742557525635,11,18.810677610702562
our_mertformer,1663,1.6336928606033325,8.511147499084473,0.00015,0.593646764755249,7,11.791523875121237
our_mertformer,1664,1.545727252960205,5.173593044281006,0.00015,0.5951128005981445,9,15.123183354406342
our_mertformer,1665,1.6867154836654663,8.897624969482422,0.00015,0.5946440696716309,7,11.7717477681489
our_mertformer,1666,1.1847492456436157,7.555619239807129,0.00015,0.5952703952789307,10,16.799088413113875
our_mertformer,1667,1.3050837516784668,8.005080223083496,0.00015,0.6033573150634766,11,18.231319527207088
our_mertformer,1668,1.317942500114441,6.179344654083252,0.00015,0.5891616344451904,9,15.27594377131369
our_mertformer,1669,1.1701935529708862,9.457942008972168,0.00015,0.5837666988372803,8,13.704104766397318
our_mertformer,1670,1.6622196435928345,11.391397476196289,0.00015,0.5991432666778564,7,11.683349190943535
our_mertformer,1671,1.3685840368270874,11.728448867797852,0.00015,0.5932083129882812,10,16.857484598665003
our_mertformer,1672,1.4040820598602295,13.237384796142578,0.00015,0.5952448844909668,9,15.11982754408128
our_mertformer,1673,1.2357429265975952,8.587920188903809,0.00015,0.5986762046813965,9,15.033168062508214
our_mertformer,1674,1.7796448469161987,8.468269348144531,0.00015,0.587923526763916,9,15.30811336899263
our_mertformer,1675,1.615830659866333,8.213613510131836,0.00015,0.5890758037567139,8,13.580595144091117
our_mertformer,1676,1.4919133186340332,6.130531311035156,0.00015,0.5878710746765137,9,15.309479216939543
our_mertformer,1677,1.5788766145706177,10.029882431030273,0.00015,0.5892679691314697,8,13.576166394707167
our_mertformer,1678,1.300985336303711,5.820824146270752,0.00015,0.5926992893218994,10,16.8719621908791
our_mertformer,1679,1.3624823093414307,5.730971336364746,0.00015,0.590172529220581,10,16.944197679289864
our_mertformer,1680,1.6595096588134766,15.662001609802246,0.00015,0.6169891357421875,8,12.9661926548782
our_mertformer,1681,1.4885889291763306,8.71895694732666,0.00015,0.5819225311279297,9,15.465976171356463
our_mertformer,1682,1.5379480123519897,12.250617980957031,0.00015,0.5836431980133057,7,11.993629025109305
our_mertformer,1683,1.5219155550003052,6.318539142608643,0.00015,0.5933384895324707,10,16.853786121105404
our_mertformer,1684,1.2949907779693604,7.907832622528076,0.00015,0.5849239826202393,10,17.096238651736872
our_mertformer,1685,1.4025565385818481,9.219585418701172,0.00015,0.5914120674133301,9,15.217815962672974
our_mertformer,1686,1.8561532497406006,6.616482257843018,0.00015,0.5900557041168213,10,16.94755246026766
our_mertformer,1687,1.2892413139343262,5.338832378387451,0.00015,0.5874218940734863,9,15.321185830492901
our_mertformer,1688,1.588087797164917,7.9345011711120605,0.00015,0.5981061458587646,9,15.047496271882881
our_mertformer,1689,1.4559403657913208,8.04948902130127,0.00015,0.6003468036651611,9,14.991334916841968
our_mertformer,1690,1.4094182252883911,10.082683563232422,0.00015,0.593660831451416,9,15.160171470292699
our_mertformer,1691,1.8312610387802124,8.421034812927246,0.00015,0.5880658626556396,11,18.705387778037704
our_mertformer,1692,1.5781782865524292,8.54676342010498,0.00015,0.5840928554534912,11,18.8326220690708
our_mertformer,1693,1.871399998664856,8.27061653137207,0.00015,0.6182844638824463,8,12.939028015947414
our_mertformer,1694,1.0591627359390259,6.934192657470703,0.00015,0.6155974864959717,10,16.244380815978914
our_mertformer,1695,2.045295476913452,8.272517204284668,0.00015,0.5956711769104004,11,18.466564148788077
our_mertformer,1696,1.3519786596298218,5.866510391235352,0.00015,0.6197640895843506,12,19.36220604205689
our_mertformer,1697,1.8730573654174805,9.3755521774292,0.00015,0.6000773906707764,9,14.998065482753237
our_mertformer,1698,1.5886880159378052,9.84151840209961,0.00015,0.5951526165008545,9,15.122171608544173
our_mertformer,1699,1.990811824798584,7.8128838539123535,0.00015,0.5932102203369141,10,16.857430396800133
our_mertformer,1700,1.9608486890792847,9.771547317504883,0.00015,0.5963351726531982,9,15.092183746193344
our_mertformer,1701,1.7852451801300049,11.211451530456543,0.00015,0.5944182872772217,7,11.776219120148598
our_mertformer,1702,1.4732170104980469,10.302529335021973,0.00015,0.6019842624664307,7,11.628210962392645
our_mertformer,1703,1.5461186170578003,10.943693161010742,0.00015,0.5871305465698242,8,13.625589822805454
our_mertformer,1704,1.9432058334350586,9.480340957641602,0.00015,0.5888478755950928,8,13.585851849962365
our_mertformer,1705,1.5183336734771729,9.011507034301758,0.00015,0.6101868152618408,10,16.388423594024793
our_mertformer,1706,1.6601083278656006,10.423922538757324,0.00015,0.6015169620513916,10,16.62463509906082
our_mertformer,1707,1.69719660282135,9.067995071411133,0.00015,0.5980794429779053,10,16.720186786907217
our_mertformer,1708,1.334220051765442,10.347362518310547,0.00015,0.5980138778686523,8,13.377615965221995
our_mertformer,1709,1.575706124305725,7.4296956062316895,0.00015,0.5938138961791992,9,15.156263701319663
our_mertformer,1710,1.0318351984024048,5.057775974273682,0.00015,0.582413911819458,8,13.735935625246386
our_mertformer,1711,1.7620532512664795,9.227873802185059,0.00015,0.5904104709625244,11,18.631105884804356
our_mertformer,1712,1.3466570377349854,7.182124614715576,0.00015,0.5876913070678711,9,15.314162200055497
our_mertformer,1713,1.2694528102874756,9.680339813232422,0.00015,0.5965957641601562,10,16.76176835428469
our_mertformer,1714,1.4345285892486572,7.955865859985352,0.00015,0.5986156463623047,7,11.693646904383346
our_mertformer,1715,1.3854857683181763,8.681565284729004,0.00015,0.5948097705841064,8,13.449678192313412
our_mertformer,1716,1.4036924839019775,7.154310703277588,0.00015,0.5974380970001221,11,18.411949380586208
our_mertformer,1717,1.1512454748153687,4.685001373291016,0.00015,0.5907931327819824,9,15.233758655284213
our_mertformer,1718,1.403272271156311,8.85046672821045,0.00015,0.5917446613311768,8,13.519344613947784
our_mertformer,1719,1.5568023920059204,12.104607582092285,0.00015,0.5995948314666748,8,13.34234316268391
our_mertformer,1720,1.2761223316192627,5.528326034545898,0.00015,0.5887084007263184,11,18.684972027626515
our_mertformer,1721,1.6721887588500977,8.368904113769531,0.00015,0.5986666679382324,9,15.033407540452172
our_mertformer,1722,1.4901623725891113,7.11842155456543,0.00015,0.5912775993347168,9,15.22127679135225
our_mertformer,1723,1.61661958694458,6.407430648803711,0.00015,0.5832545757293701,10,17.145171964565943
our_mertformer,1724,0.8795194029808044,4.859344482421875,0.00015,0.5941460132598877,10,16.830879576441525
our_mertformer,1725,1.556260585784912,11.635181427001953,0.00015,0.5941853523254395,9,15.146788733140358
our_mertformer,1726,0.6855288147926331,4.590426921844482,0.00015,0.5818402767181396,10,17.18684731900107
our_mertformer,1727,1.7426214218139648,10.925558090209961,0.00015,0.5827710628509521,9,15.443457257420166
our_mertformer,1728,1.1490435600280762,9.413352966308594,0.00015,0.5841841697692871,7,11.982522571203054
our_mertformer,1729,2.1817166805267334,10.972203254699707,0.00015,0.6157169342041016,9,14.617106498189354
our_mertformer,1730,2.085541009902954,8.694573402404785,0.00015,0.6024088859558105,10,16.600020738627595
our_mertformer,1731,1.6830600500106812,14.449543952941895,0.00015,0.5815129280090332,9,15.476870016998477
our_mertformer,1732,1.7765311002731323,11.744242668151855,0.00015,0.5874783992767334,9,15.319712198916992
our_mertformer,1733,1.7576411962509155,7.119372844696045,0.00015,0.5962700843811035,11,18.44801590443266
our_mertformer,1734,1.6038780212402344,8.111761093139648,0.00015,0.5924444198608398,10,16.879220505357978
our_mertformer,1735,1.466208815574646,9.299683570861816,0.00015,0.5962474346160889,11,18.44871669273121
our_mertformer,1736,1.5514246225357056,10.792560577392578,0.00015,0.5877265930175781,8,13.611771349200684
our_mertformer,1737,1.2576959133148193,8.920127868652344,0.00015,0.5781035423278809,9,15.568145394437842
our_mertformer,1738,1.2927660942077637,8.309197425842285,0.00015,0.5887563228607178,9,15.286460035400982
our_mertformer,1739,1.8286030292510986,18.608318328857422,0.00015,0.5772337913513184,9,15.591602804352082
our_mertformer,1740,1.8157708644866943,14.207015037536621,0.00015,0.6227691173553467,9,14.451583659477896
our_mertformer,1741,1.1431533098220825,8.854962348937988,0.00015,0.5998494625091553,8,13.336679450434447
our_mertformer,1742,1.8810629844665527,13.125153541564941,0.00015,0.581650972366333,9,15.473196861315753
our_mertformer,1743,1.3913872241973877,14.321951866149902,0.00015,0.5804665088653564,9,15.504770495015102
our_mertformer,1744,1.520808458328247,5.282928943634033,0.00015,0.5923295021057129,9,15.194245716286764
our_mertformer,1745,1.432600975036621,6.782299518585205,0.00015,0.6100437641143799,8,13.113813255043851
our_mertformer,1746,1.1179040670394897,5.311384201049805,0.00015,0.580132007598877,10,17.23745607726292
our_mertformer,1747,1.648232340812683,12.217068672180176,0.00015,0.5860509872436523,8,13.650689400978651
our_mertformer,1748,1.9018256664276123,10.041074752807617,0.00015,0.5831327438354492,7,12.004127831956026
our_mertformer,1749,1.8800499439239502,11.608367919921875,0.00015,0.5801866054534912,10,17.235833964459935
our_mertformer,1750,1.427063226699829,8.810248374938965,0.00015,0.6037161350250244,8,13.251260875557675
our_mertformer,1751,1.2767101526260376,6.096366882324219,0.00015,0.5900673866271973,9,15.252495230152707
our_mertformer,1752,1.1009814739227295,6.17694616317749,0.00015,0.5881035327911377,11,18.704189631023013
our_mertformer,1753,1.6235592365264893,11.691299438476562,0.00015,0.5925908088684082,9,15.187545715037501
our_mertformer,1754,2.04862380027771,12.024776458740234,0.00015,0.5909712314605713,9,15.229167717279088
our_mertformer,1755,1.748840570449829,10.135100364685059,0.00015,0.6019744873046875,10,16.6119996958252
our_mertformer,1756,1.7706360816955566,8.972517967224121,0.00015,0.5945649147033691,9,15.137119223542037
our_mertformer,1757,0.884829044342041,9.365852355957031,0.00015,0.5915751457214355,9,15.213620898532431
our_mertformer,1758,1.5917695760726929,6.6728034019470215,0.00015,0.59220290184021,8,13.508883484259902
our_mertformer,1759,1.4040669202804565,9.781708717346191,0.00015,0.5860445499420166,9,15.357194262604203
our_mertformer,1760,1.4302211999893188,7.898380756378174,0.00015,0.601783275604248,9,14.955550220240232
our_mertformer,1761,1.4890573024749756,5.6302008628845215,0.00015,0.6073918342590332,9,14.8174530712604
our_mertformer,1762,1.5195579528808594,7.9479660987854,0.00015,0.5908942222595215,10,16.923502757838758
our_mertformer,1763,1.3010060787200928,11.81788158416748,0.00015,0.5853350162506104,9,15.375810006464166
our_mertformer,1764,1.406386137008667,8.343605995178223,0.00015,0.5868709087371826,11,18.743474648742747
our_mertformer,1765,1.7464630603790283,7.246985912322998,0.00015,0.5982100963592529,10,16.716534978029753
our_mertformer,1766,1.2851775884628296,8.03491497039795,0.00015,0.607790470123291,10,16.453038491984728
our_mertformer,1767,0.8912423849105835,9.026114463806152,0.00015,0.5906758308410645,9,15.236783917813062
our_mertformer,1768,1.2040623426437378,6.880027770996094,0.00015,0.5788536071777344,11,19.003077571947305
our_mertformer,1769,1.7911230325698853,9.964180946350098,0.00015,0.5901510715484619,7,11.861369634783719
our_mertformer,1770,1.374496579170227,6.157493591308594,0.00015,0.5943770408630371,10,16.82433760476342
our_mertformer,1771,2.0644121170043945,11.279459953308105,0.00015,0.5995352268218994,7,11.675710928791597
our_mertformer,1772,1.7290631532669067,12.578699111938477,0.00015,0.5688402652740479,9,15.821664796643935
our_mertformer,1773,1.8491847515106201,8.770339012145996,0.00015,0.5781939029693604,9,15.565712391258003
our_mertformer,1774,1.7552145719528198,7.711960792541504,0.00015,0.5934138298034668,9,15.166481716445196
our_mertformer,1775,1.4947617053985596,7.779476165771484,0.00015,0.5930080413818359,8,13.49054218785682
our_mertformer,1776,1.3235445022583008,11.421891212463379,0.00015,0.5981695652008057,9,15.045900900990672
our_mertformer,1777,1.566430687904358,8.656025886535645,0.00015,0.6017842292785645,11,18.278976857182023
our_mertformer,1778,1.7865759134292603,8.9931640625,0.00015,0.5892572402954102,10,16.97051697656992
our_mertformer,1779,1.731228232383728,12.434518814086914,0.00015,0.5984482765197754,11,18.380870046062388
our_mertformer,1780,1.0856114625930786,6.44761848449707,0.00015,0.5843713283538818,10,17.112406983020616
our_mertformer,1781,1.3566813468933105,5.858639717102051,0.00015,0.6088054180145264,9,14.783048464567468
our_mertformer,1782,1.3203996419906616,7.154638290405273,0.00015,0.5794217586517334,9,15.532727008634016
our_mertformer,1783,1.3731030225753784,9.987821578979492,0.00015,0.5721273422241211,7,12.235038396850241
our_mertformer,1784,1.3130645751953125,10.617350578308105,0.00015,0.5832948684692383,10,17.143987613406168
our_mertformer,1785,2.377791404724121,17.52913475036621,0.00015,0.5888965129852295,6,10.188547338453148
our_mertformer,1786,2.086315393447876,16.274211883544922,0.00015,0.6360974311828613,6,9.432517262084584
our_mertformer,1787,1.3285088539123535,5.853831768035889,0.00015,0.5827217102050781,10,17.160850239268903
our_mertformer,1788,1.3218978643417358,6.050928592681885,0.00015,0.5845625400543213,11,18.817490424510968
our_mertformer,1789,1.4514328241348267,9.950176239013672,0.00015,0.5769679546356201,10,17.331985112267503
our_mertformer,1790,1.4265565872192383,12.174251556396484,0.00015,0.5844531059265137,8,13.688010071086664
our_mertformer,1791,1.5558313131332397,14.009781837463379,0.00015,0.5970208644866943,9,15.074850035162516
our_mertformer,1792,1.4939478635787964,8.522048950195312,0.00015,0.5934581756591797,9,15.165348408930942
our_mertformer,1793,1.7318872213363647,9.18962287902832,0.00015,0.5900580883026123,8,13.557987185656858
our_mertformer,1794,1.4820622205734253,6.6189117431640625,0.00015,0.5792222023010254,9,15.53807841661885
our_mertformer,1795,1.153664231300354,6.345483779907227,0.00015,0.5760035514831543,10,17.361004067164085
our_mertformer,1796,1.142714023590088,6.1913275718688965,0.00015,0.583186149597168,9,15.432465270680195
our_mertformer,1797,1.794127106666565,10.223426818847656,0.00015,0.6007192134857178,9,14.982041189887756
our_mertformer,1798,1.070939540863037,7.64703369140625,0.00015,0.5885579586029053,8,13.592544086890053
our_mertformer,1799,1.2816704511642456,7.89466667175293,0.00015,0.5931186676025391,7,11.80202273567765
our_mertformer,1800,1.2586513757705688,7.353341102600098,0.00015,0.6195752620697021,9,14.526080285929009
our_mertformer,1801,1.5447419881820679,8.70300006866455,0.00015,0.5851740837097168,9,15.38003860824528
our_mertformer,1802,1.0964279174804688,10.382996559143066,0.00015,0.5966908931732178,10,16.75909606533416
our_mertformer,1803,1.563098430633545,6.628051280975342,0.00015,0.5873129367828369,9,15.324028190660838
our_mertformer,1804,1.4908838272094727,7.781878471374512,0.00015,0.6001696586608887,8,13.329564206644118
our_mertformer,1805,1.5230339765548706,10.589923858642578,0.00015,0.5925581455230713,11,18.563579090267883
our_mertformer,1806,1.6806602478027344,8.090914726257324,0.00015,0.5875036716461182,9,15.319053198055816
our_mertformer,1807,1.6461660861968994,9.236615180969238,0.00015,0.5893161296844482,8,13.575056912634706
our_mertformer,1808,1.0862367153167725,6.989134788513184,0.00015,0.5709958076477051,9,15.761937092107075
our_mertformer,1809,1.2986232042312622,8.209824562072754,0.00015,0.5842654705047607,9,15.403956684663715
our_mertformer,1810,1.420060396194458,8.265686988830566,0.00015,0.5971295833587646,8,13.39742699566348
our_mertformer,1811,2.033879280090332,11.596028327941895,0.00015,0.5958030223846436,7,11.748849430107256
our_mertformer,1812,1.208426833152771,9.244948387145996,0.00015,0.589331865310669,10,16.968368059868027
our_mertformer,1813,1.330311894416809,14.676572799682617,0.00015,0.5681297779083252,10,17.6016121471697
our_mertformer,1814,1.4520626068115234,23.269554138183594,0.00015,0.5912988185882568,10,16.911922847867835
our_mertformer,1815,1.7172232866287231,9.472240447998047,0.00015,0.5894174575805664,10,16.96590399790308
our_mertformer,1816,2.08518648147583,53.302982330322266,0.00015,0.5932106971740723,6,10.114450107833026
our_mertformer,1817,1.3506525754928589,6.261780738830566,0.00015,0.5901143550872803,9,15.251281251527704
our_mertformer,1818,1.1035535335540771,6.534212112426758,0.00015,0.5950572490692139,10,16.805105753508524
our_mertformer,1819,1.5791263580322266,9.300739288330078,0.00015,0.5898752212524414,8,13.562190293421974
our_mertformer,1820,1.333444356918335,7.699372291564941,0.00015,0.6004047393798828,10,16.65543148498181
our_mertformer,1821,1.2169554233551025,4.739700794219971,0.00015,0.5979495048522949,11,18.396202205597966
our_mertformer,1822,1.6372976303100586,13.982873916625977,0.00015,0.5903213024139404,11,18.633920129629114
our_mertformer,1823,1.3695473670959473,4.686913013458252,0.00015,0.5892956256866455,11,18.66635271080255
our_mertformer,1824,2.0820748805999756,11.21159839630127,0.00015,0.5977611541748047,9,15.056180779134586
our_mertformer,1825,1.5171854496002197,6.745769023895264,0.00015,0.5936603546142578,9,15.160183647176376
our_mertformer,1826,1.8786263465881348,11.029772758483887,0.00015,0.5966501235961914,7,11.73216885937922
our_mertformer,1827,2.1505181789398193,14.416379928588867,0.00015,0.6039698123931885,6,9.93427134416771
our_mertformer,1828,1.499489665031433,13.123937606811523,0.00015,0.5957355499267578,8,13.428777250213711
our_mertformer,1829,1.564379334449768,9.578451156616211,0.00015,0.587270975112915,9,15.32512312271105
our_mertformer,1830,1.5248922109603882,8.37825870513916,0.00015,0.599855899810791,8,13.336536329014006
our_mertformer,1831,1.5979059934616089,7.441247940063477,0.00015,0.5953786373138428,9,15.116430849123358
our_mertformer,1832,1.6321560144424438,6.526732444763184,0.00015,0.5868589878082275,10,17.03986853357655
our_mertformer,1833,1.2595243453979492,7.301784038543701,0.00015,0.5942201614379883,8,13.463023504016306
our_mertformer,1834,1.7309675216674805,11.132162094116211,0.00015,0.5902800559997559,10,16.941111085081513
our_mertformer,1835,1.6027283668518066,8.191275596618652,0.00015,0.5901975631713867,10,16.943478970441145
our_mertformer,1836,1.7302923202514648,9.46990966796875,0.00015,0.6167263984680176,9,14.593181064336628
our_mertformer,1837,1.068379282951355,7.578821659088135,0.00015,0.5827174186706543,10,17.160976623648683
our_mertformer,1838,1.5039100646972656,8.396665573120117,0.00015,0.5921330451965332,9,15.199286837661349
our_mertformer,1839,0.8599280714988708,10.194511413574219,0.00015,0.6004223823547363,8,13.323953661796555
our_mertformer,1840,1.215345025062561,5.468051910400391,0.00015,0.5889735221862793,10,16.978691950157348
our_mertformer,1841,1.9070559740066528,13.043984413146973,0.00015,0.6069812774658203,7,11.532480918069465
our_mertformer,1842,1.8545905351638794,8.898578643798828,0.00015,0.57523512840271,9,15.645776058549906
our_mertformer,1843,1.4889198541641235,5.829892158508301,0.00015,0.5954201221466064,11,18.47435044745018
our_mertformer,1844,2.4480860233306885,13.321025848388672,0.00015,0.5913376808166504,8,13.528649128112086
our_mertformer,1845,1.1937087774276733,8.606218338012695,0.00015,0.6024155616760254,11,18.25982046246627
our_mertformer,1846,1.3187437057495117,7.44086217880249,0.00015,0.5956714153289795,11,18.466556757511828
our_mertformer,1847,1.112183928489685,11.054044723510742,0.00015,0.5747542381286621,10,17.398740777552025
our_mertformer,1848,1.367074966430664,4.690327167510986,0.00015,0.5916268825531006,10,16.902544990596272
our_mertformer,1849,1.4921443462371826,7.797129154205322,0.00015,0.5818750858306885,9,15.467237245862734
our_mertformer,1850,1.517073154449463,9.391159057617188,0.00015,0.5948219299316406,10,16.81175406755639
our_mertformer,1851,2.1346216201782227,11.972900390625,0.00015,0.5975778102874756,7,11.713955705002707
our_mertformer,1852,1.2203565835952759,8.571374893188477,0.00015,0.5906894207000732,8,13.543496327593882
our_mertformer,1853,1.5897128582000732,8.5012845993042,0.00015,0.5861120223999023,8,13.649267877569018
our_mertformer,1854,1.5853593349456787,13.292986869812012,0.00015,0.5832693576812744,10,17.1447374498704
our_mertformer,1855,1.604515552520752,7.232208728790283,0.00015,0.5795629024505615,11,18.97982074678828
our_mertformer,1856,1.2030144929885864,10.165594100952148,0.00015,0.5973520278930664,6,10.044328502847364
our_mertformer,1857,1.4316577911376953,9.24124526977539,0.00015,0.580552339553833,8,13.779980640760439
our_mertformer,1858,1.6651363372802734,6.367654323577881,0.00015,0.5942931175231934,9,15.144042114283376
our_mertformer,1859,1.667988657951355,8.141814231872559,0.00015,0.5905613899230957,10,16.933040612936487
our_mertformer,1860,1.4921913146972656,7.579713821411133,0.00015,0.5978929996490479,8,13.380320566883794
our_mertformer,1861,1.6572853326797485,13.100078582763672,0.00015,0.6226637363433838,9,14.454029478017844
our_mertformer,1862,1.6007388830184937,7.284635066986084,0.00015,0.5907304286956787,9,15.235375668512328
our_mertformer,1863,1.2951420545578003,7.2523932456970215,0.00015,0.577279806137085,9,15.590360002758864
our_mertformer,1864,1.5823172330856323,7.140645503997803,0.00015,0.593219518661499,11,18.542882784470184
our_mertformer,1865,1.617190957069397,6.7783613204956055,0.00015,0.5822813510894775,11,18.89121123219634
our_mertformer,1866,1.4035207033157349,6.89483642578125,0.00015,0.6025097370147705,9,14.937517930568092
our_mertformer,1867,1.765669822692871,7.700533866882324,0.00015,0.5823955535888672,9,15.453414684469596
our_mertformer,1868,1.5299665927886963,7.852029800415039,0.00015,0.5884997844696045,9,15.293123697762105
our_mertformer,1869,1.9533050060272217,11.487667083740234,0.00015,0.5930545330047607,7,11.803299039860484
our_mertformer,1870,1.417427897453308,7.91264533996582,0.00015,0.5979363918304443,9,15.051768253222681
our_mertformer,1871,1.1734352111816406,10.720305442810059,0.00015,0.6027445793151855,10,16.590775501227405
our_mertformer,1872,2.093740940093994,11.015772819519043,0.00015,0.5875349044799805,8,13.616212311812685
our_mertformer,1873,1.6318360567092896,10.712442398071289,0.00015,0.5834736824035645,9,15.424860231785184
our_mertformer,1874,1.637359619140625,7.84251070022583,0.00015,0.595470666885376,10,16.793438461553862
our_mertformer,1875,2.1953139305114746,12.95650577545166,0.00015,0.5860824584960938,8,13.64995639099702
our_mertformer,1876,1.9839074611663818,10.450708389282227,0.00015,0.6019229888916016,8,13.290736768056378
our_mertformer,1877,1.368116855621338,9.400110244750977,0.00015,0.5898730754852295,10,16.952799535347502
our_mertformer,1878,1.4897699356079102,10.091841697692871,0.00015,0.5849099159240723,7,11.967654863469056
our_mertformer,1879,1.7016063928604126,12.486507415771484,0.00015,0.574542760848999,8,13.924115914676985
our_mertformer,1880,1.2471833229064941,7.106891632080078,0.00015,0.5933890342712402,9,15.167115467600752
our_mertformer,1881,1.594574213027954,9.630701065063477,0.00015,0.608614444732666,8,13.144610794628775
our_mertformer,1882,0.9833642244338989,7.280693054199219,0.00015,0.5876691341400146,8,13.613102229211117
our_mertformer,1883,1.493759036064148,7.352219581604004,0.00015,0.5940635204315186,9,15.149895070921943
our_mertformer,1884,1.7398741245269775,10.34782886505127,0.00015,0.5879242420196533,9,15.308094745477675
our_mertformer,1885,2.0118706226348877,9.550287246704102,0.00015,0.5791435241699219,10,17.266877004854464
our_mertformer,1886,1.0050510168075562,7.605348110198975,0.00015,0.5928406715393066,7,11.807556964377206
our_mertformer,1887,1.6040858030319214,17.14383888244629,0.00015,0.6049575805664062,8,13.224067698283582
our_mertformer,1888,1.9183120727539062,9.170899391174316,0.00015,0.5900506973266602,10,16.94769626628178
our_mertformer,1889,1.5398513078689575,15.144526481628418,0.00015,0.5770976543426514,6,10.396853903061446
our_mertformer,1890,2.096073627471924,10.097969055175781,0.00015,0.5978891849517822,11,18.39805816338209
our_mertformer,1891,1.4417312145233154,10.148564338684082,0.00015,0.5861291885375977,10,17.061085159314743
our_mertformer,1892,1.4500929117202759,11.250005722045898,0.00015,0.5973899364471436,9,15.065536680322554
our_mertformer,1893,1.663496971130371,7.456399440765381,0.00015,0.5929491519927979,11,18.551337771596323
our_mertformer,1894,1.4561541080474854,6.319181442260742,0.00015,0.5931925773620605,10,16.85793177734995
our_mertformer,1895,1.7645331621170044,10.401068687438965,0.00015,0.5885930061340332,8,13.591734724381444
our_mertformer,1896,1.386497139930725,6.8813886642456055,0.00015,0.5876293182373047,8,13.61402460993161
our_mertformer,1897,2.0027763843536377,7.901511192321777,0.00015,0.5954556465148926,9,15.114475868480838
our_mertformer,1898,1.76462721824646,11.513336181640625,0.00015,0.6052603721618652,8,13.21745213787192
our_mertformer,1899,1.2349445819854736,5.553826808929443,0.00015,0.6018209457397461,8,13.292990309877903
our_mertformer,1900,1.4179213047027588,6.575901031494141,0.00015,0.5933711528778076,10,16.85285836950569
our_mertformer,1901,1.2387720346450806,11.095431327819824,0.00015,0.6106472015380859,8,13.100854273711171
our_mertformer,1902,1.2829546928405762,9.529701232910156,0.00015,0.595055103302002,8,13.44413308214222
our_mertformer,1903,1.699934482574463,7.307366847991943,0.00015,0.6011273860931396,9,14.971868206659154
our_mertformer,1904,1.478556513786316,7.39903450012207,0.00015,0.5903356075286865,9,15.245565209384152
our_mertformer,1905,1.4488507509231567,8.824270248413086,0.00015,0.5826444625854492,10,17.163125442959863
our_mertformer,1906,1.3535420894622803,9.835436820983887,0.00015,0.5937204360961914,7,11.790060733004477
our_mertformer,1907,1.4583766460418701,7.663488864898682,0.00015,0.6044573783874512,9,14.88938727823931
our_mertformer,1908,1.7769488096237183,9.765172004699707,0.00015,0.5876586437225342,10,17.01668154943629
our_mertformer,1909,1.3922616243362427,6.421832084655762,0.00015,0.5986864566802979,8,13.362587228646877
our_mertformer,1910,1.2687687873840332,5.406264305114746,0.00015,0.5902338027954102,10,16.942438661830167
our_mertformer,1911,1.5556447505950928,13.231447219848633,0.00015,0.5848329067230225,9,15.389010940628227
our_mertformer,1912,1.342428207397461,6.3277387619018555,0.00015,0.6072945594787598,8,13.173179102520514
our_mertformer,1913,1.6829584836959839,9.80903148651123,0.00015,0.6032657623291016,9,14.91879791959783
our_mertformer,1914,1.6969817876815796,7.494056701660156,0.00015,0.5890097618103027,10,16.977647313119768
our_mertformer,1915,1.9623268842697144,13.665446281433105,0.00015,0.6058948040008545,6,9.902709117788602
our_mertformer,1916,1.48672354221344,4.952782154083252,0.00015,0.5994322299957275,11,18.35069829341409
our_mertformer,1917,1.5436501502990723,12.748579025268555,0.00015,0.5962615013122559,7,11.739815474576773
our_mertformer,1918,1.4651910066604614,5.498097896575928,0.00015,0.5929899215698242,10,16.863693017795253
our_mertformer,1919,1.4171561002731323,12.30125617980957,0.00015,0.5887801647186279,9,15.28584103083875
our_mertformer,1920,1.4742087125778198,11.840705871582031,0.00015,0.6132962703704834,10,16.305333136885285
our_mertformer,1921,1.4889116287231445,7.508046627044678,0.00015,0.5921759605407715,8,13.50949807671093
our_mertformer,1922,1.7316269874572754,7.786859035491943,0.00015,0.5927567481994629,10,16.87032670716217
our_mertformer,1923,1.8204357624053955,7.978417873382568,0.00015,0.5842540264129639,10,17.115842677876174
our_mertformer,1924,1.8572801351547241,9.44316577911377,0.00015,0.6108767986297607,10,16.369912922590444
our_mertformer,1925,0.95161372423172,11.124608039855957,0.00015,0.589012861251831,8,13.582046380103776
our_mertformer,1926,1.172271728515625,4.72691535949707,0.00015,0.5977921485900879,9,15.055400144058083
our_mertformer,1927,1.2453632354736328,7.54754114151001,0.00015,0.5860273838043213,10,17.064049012663666
our_mertformer,1928,1.1263738870620728,4.346883296966553,0.00015,0.5852630138397217,9,15.37770162675052
our_mertformer,1929,1.6880903244018555,11.620471000671387,0.00015,0.5900039672851562,8,13.559230858753702
our_mertformer,1930,1.961578607559204,14.477320671081543,0.00015,0.6047928333282471,8,13.22766997084778
our_mertformer,1931,1.7065937519073486,6.944302558898926,0.00015,0.6026566028594971,10,16.593197440386117
our_mertformer,1932,1.423835277557373,7.9152398109436035,0.00015,0.5729548931121826,10,17.45338092093409
our_mertformer,1933,1.6207268238067627,11.957134246826172,0.00015,0.5979013442993164,12,20.07020073531171
our_mertformer,1934,1.4840508699417114,9.520979881286621,0.00015,0.5857937335968018,8,13.65668415549551
our_mertformer,1935,1.587546706199646,9.987874031066895,0.00015,0.5944030284881592,9,15.141241831979134
our_mertformer,1936,1.4302761554718018,6.305722713470459,0.00015,0.5880148410797119,11,18.707010829525693
our_mertformer,1937,1.3063464164733887,8.126412391662598,0.00015,0.5876545906066895,10,17.016798915288124
our_mertformer,1938,1.5785502195358276,11.453959465026855,0.00015,0.595350980758667,10,16.796814523185652
our_mertformer,1939,1.2467162609100342,7.400796890258789,0.00015,0.592357873916626,11,18.569855292492058
our_mertformer,1940,1.7324743270874023,8.224508285522461,0.00015,0.5923759937286377,9,15.193053221739472
our_mertformer,1941,1.7293016910552979,10.044124603271484,0.00015,0.6049513816833496,8,13.224203204130294
our_mertformer,1942,1.136293649673462,5.078898906707764,0.00015,0.587003231048584,11,18.73924949331254
our_mertformer,1943,1.5135191679000854,18.308805465698242,0.00015,0.5987527370452881,10,16.701385031403415
our_mertformer,1944,0.8891955018043518,11.136686325073242,0.00015,0.5834927558898926,10,17.138173351867696
our_mertformer,1945,1.9381978511810303,10.0697603225708,0.00015,0.6005806922912598,7,11.655386344996344
our_mertformer,1946,1.6492284536361694,15.768099784851074,0.00015,0.5883147716522217,7,11.8983923866831
our_mertformer,1947,1.413801670074463,9.556245803833008,0.00015,0.5867164134979248,10,17.04400928615809
our_mertformer,1948,1.6920822858810425,12.552353858947754,0.00015,0.5907638072967529,11,18.6199626045718
our_mertformer,1949,1.8488832712173462,12.005499839782715,0.00015,0.5852913856506348,10,17.085506886255597
our_mertformer,1950,1.548313856124878,9.186765670776367,0.00015,0.5917322635650635,9,15.209581349809925
our_mertformer,1951,1.4794888496398926,10.988933563232422,0.00015,0.5987534523010254,10,16.701365080351078
our_mertformer,1952,1.5645935535430908,8.849794387817383,0.00015,0.5906844139099121,9,15.236562516397512
our_mertformer,1953,1.5658482313156128,8.146058082580566,0.00015,0.5856912136077881,9,15.366458964888807
our_mertformer,1954,1.5951920747756958,12.340457916259766,0.00015,0.5846560001373291,8,13.683259896624493
our_mertformer,1955,1.1282867193222046,6.47345495223999,0.00015,0.599149227142334,11,18.359366083913578
our_mertformer,1956,1.2272318601608276,6.943119525909424,0.00015,0.5887339115142822,9,15.287041945402981
our_mertformer,1957,1.5422369241714478,9.286972999572754,0.00015,0.5956730842590332,11,18.466505018743742
our_mertformer,1958,1.4025769233703613,10.04938793182373,0.00015,0.5842170715332031,8,13.693540277768708
our_mertformer,1959,1.6310969591140747,5.851875305175781,0.00015,0.5899810791015625,9,15.25472649683176
our_mertformer,1960,1.9041956663131714,8.955636024475098,0.00015,0.5974068641662598,8,13.391208705251135
our_mertformer,1961,1.2438889741897583,7.399659156799316,0.00015,0.6174881458282471,10,16.194642873000962
our_mertformer,1962,1.5105774402618408,5.686384677886963,0.00015,0.5911707878112793,9,15.224026940372244
our_mertformer,1963,1.9538874626159668,9.18765926361084,0.00015,0.5997650623321533,8,13.338556215482846
our_mertformer,1964,1.4573168754577637,10.607556343078613,0.00015,0.5863423347473145,9,15.349394827304376
our_mertformer,1965,1.3915306329727173,5.129388332366943,0.00015,0.6044740676879883,11,18.19763756296966
our_mertformer,1966,1.3747756481170654,7.491439342498779,0.00015,0.5852010250091553,9,15.379330546899158
our_mertformer,1967,1.5480291843414307,7.398993968963623,0.00015,0.5894303321838379,10,16.965533420972797
our_mertformer,1968,1.1612838506698608,10.343228340148926,0.00015,0.5882806777954102,8,13.598950810317465
our_mertformer,1969,1.3636536598205566,15.003443717956543,0.00015,0.5829241275787354,9,15.439402100892407
our_mertformer,1970,1.4422274827957153,11.936383247375488,0.00015,0.5930142402648926,9,15.176701314929309
our_mertformer,1971,1.0978517532348633,6.411183834075928,0.00015,0.5868821144104004,7,11.927437943874661
our_mertformer,1972,1.6815415620803833,10.014625549316406,0.00015,0.585674524307251,9,15.366896845385929
our_mertformer,1973,1.3063246011734009,8.316086769104004,0.00015,0.5888803005218506,7,11.886965812571383
our_mertformer,1974,1.5305688381195068,7.768332481384277,0.00015,0.5957136154174805,10,16.786589631650312
our_mertformer,1975,1.77519690990448,9.344817161560059,0.00015,0.6016025543212891,10,16.622269849372092
our_mertformer,1976,1.7960165739059448,10.726954460144043,0.00015,0.5988600254058838,7,11.688875034288147
our_mertformer,1977,1.3092424869537354,6.668035507202148,0.00015,0.5823416709899902,9,15.45484454976381
our_mertformer,1978,1.257169485092163,7.248762607574463,0.00015,0.5837814807891846,10,17.129697205333592
our_mertformer,1979,1.2508960962295532,6.705897808074951,0.00015,0.5950665473937988,11,18.485327478374447
our_mertformer,1980,1.4721711874008179,11.876296043395996,0.00015,0.6176376342773438,7,11.33350626891483
our_mertformer,1981,1.402604579925537,7.897140026092529,0.00015,0.6065323352813721,8,13.189733728357249
our_mertformer,1982,1.9156421422958374,14.798463821411133,0.00015,0.6008079051971436,8,13.315404026474909
our_mertformer,1983,0.8277816772460938,7.0819220542907715,0.00015,0.5798094272613525,10,17.247046235922
our_mertformer,1984,1.637345790863037,10.679664611816406,0.00015,0.5925166606903076,8,13.501730045328435
our_mertformer,1985,1.7681268453598022,7.765165328979492,0.00015,0.6070997714996338,8,13.177405717413988
our_mertformer,1986,1.5507124662399292,8.86768913269043,0.00015,0.5958278179168701,8,13.426697712721026
our_mertformer,1987,1.4404431581497192,6.159245491027832,0.00015,0.5894367694854736,9,15.26881332472049
our_mertformer,1988,1.6323708295822144,10.28868293762207,0.00015,0.6440584659576416,9,13.973886651141251
our_mertformer,1989,1.6155792474746704,5.12542724609375,0.00015,0.6328043937683105,9,14.222404409055322
our_mertformer,1990,1.1915391683578491,7.008234024047852,0.00015,0.5956509113311768,9,15.109521078187486
our_mertformer,1991,1.8141175508499146,12.493606567382812,0.00015,0.5801796913146973,8,13.788831494380407
our_mertformer,1992,1.5934172868728638,11.662944793701172,0.00015,0.582413911819458,7,12.018943672090588
our_mertformer,1993,1.6655691862106323,7.321082592010498,0.00015,0.5783753395080566,8,13.831848375147679
our_mertformer,1994,1.4856412410736084,7.586484432220459,0.00015,0.5997891426086426,7,11.670768112865694
our_mertformer,1995,1.458033800125122,6.906457901000977,0.00015,0.5965487957000732,10,16.76308806937513
our_mertformer,1996,1.7104038000106812,5.642099857330322,0.00015,0.5791435241699219,9,15.540189304369019
our_mertformer,1997,1.6706453561782837,9.105454444885254,0.00015,0.5828845500946045,9,15.440450426313863
our_mertformer,1998,1.3507027626037598,6.129664897918701,0.00015,0.5840320587158203,8,13.697878191122825
our_mertformer,1999,1.3863675594329834,6.4293999671936035,0.00015,0.586937665939331,10,17.03758436425454
our_mertformer,2000,1.2939820289611816,9.892281532287598,0.00015,0.5963733196258545,7,11.73761429232209
our_mertformer,2001,1.3285496234893799,9.896891593933105,0.00015,0.5952455997467041,7,11.759851736793555
our_mertformer,2002,1.3921877145767212,5.676229000091553,0.00015,0.5847897529602051,9,15.390146551717109
our_mertformer,2003,1.296911597251892,5.395710468292236,0.00015,0.5890727043151855,10,16.97583324901346
our_mertformer,2004,1.434335708618164,6.930450439453125,0.00015,0.5919947624206543,10,16.89204134021424
our_mertformer,2005,1.5382273197174072,9.927407264709473,0.00015,0.5944693088531494,8,13.457381030205925
our_mertformer,2006,1.0679830312728882,7.731534481048584,0.00015,0.5929267406463623,11,18.55203897197934
our_mertformer,2007,1.9087024927139282,6.887843608856201,0.00015,0.5917460918426514,10,16.899139914656264
our_mertformer,2008,1.9235665798187256,12.308460235595703,0.00015,0.5895311832427979,8,13.570104902670106
our_mertformer,2009,1.3901959657669067,9.315408706665039,0.00015,0.5961432456970215,10,16.77449182252802
our_mertformer,2010,1.0587732791900635,6.4284234046936035,0.00015,0.6071586608886719,8,13.176127617599567
our_mertformer,2011,1.4000892639160156,6.268699645996094,0.00015,0.5917661190032959,9,15.208711196846796
our_mertformer,2012,1.1744908094406128,5.552274703979492,0.00015,0.5850329399108887,10,17.09305462616034
our_mertformer,2013,1.1408709287643433,5.314877510070801,0.00015,0.583662748336792,11,18.84650002307951
our_mertformer,2014,1.2852296829223633,14.861042976379395,0.00015,0.5827622413635254,9,15.443691030740316
our_mertformer,2015,1.361153483390808,6.465727806091309,0.00015,0.5848889350891113,9,15.387536778463412
our_mertformer,2016,1.3739795684814453,11.584769248962402,0.00015,0.600287914276123,7,11.66107101863142
our_mertformer,2017,1.1166592836380005,6.7011566162109375,0.00015,0.5834710597991943,9,15.424929563940006
our_mertformer,2018,1.6408213376998901,8.378762245178223,0.00015,0.5860121250152588,10,17.06449333235147
our_mertformer,2019,1.7936826944351196,14.976943969726562,0.00015,0.5809056758880615,9,15.4930488262853
our_mertformer,2020,1.6706022024154663,11.441542625427246,0.00015,0.590864896774292,9,15.231908426331788
our_mertformer,2021,1.3267600536346436,11.791420936584473,0.00015,0.6079375743865967,7,11.514340114711505
our_mertformer,2022,1.2645487785339355,8.241122245788574,0.00015,0.5890679359436035,7,11.883179465178308
our_mertformer,2023,1.5324457883834839,7.112344741821289,0.00015,0.5936064720153809,10,16.846177512264205
our_mertformer,2024,1.3358441591262817,5.166350841522217,0.00015,0.6000282764434814,9,14.99929312222628
our_mertformer,2025,1.4940783977508545,7.533581733703613,0.00015,0.5815515518188477,10,17.195380132207063
our_mertformer,2026,1.880418062210083,9.991738319396973,0.00015,0.5938680171966553,11,18.52263412319345
our_mertformer,2027,1.701163411140442,6.266695022583008,0.00015,0.5953066349029541,9,15.11825918329831
our_mertformer,2028,1.51022469997406,9.356986045837402,0.00015,0.5736031532287598,9,15.690290315420725
our_mertformer,2029,1.1478385925292969,8.019042015075684,0.00015,0.599609375,9,15.009771986970684
our_mertformer,2030,1.0502482652664185,8.960651397705078,0.00015,0.5717000961303711,9,15.742519654829007
our_mertformer,2031,1.347027063369751,7.328880786895752,0.00015,0.5922513008117676,10,16.884724417309897
our_mertformer,2032,1.4222642183303833,6.8112359046936035,0.00015,0.6037907600402832,9,14.905825984153095
our_mertformer,2033,1.3855080604553223,6.601314067840576,0.00015,0.5893616676330566,11,18.664261020193678
our_mertformer,2034,1.3592115640640259,7.551754951477051,0.00015,0.5893385410308838,9,15.271358265924716
our_mertformer,2035,1.3850936889648438,11.786750793457031,0.00015,0.5874433517456055,10,17.02291798908729
our_mertformer,2036,1.3500118255615234,10.978495597839355,0.00015,0.5917730331420898,7,11.828859390284585
our_mertformer,2037,1.324059247970581,5.50155782699585,0.00015,0.5776097774505615,10,17.31272632561334
our_mertformer,2038,1.3087966442108154,4.344252109527588,0.00015,0.5849113464355469,11,18.806268791046822
our_mertformer,2039,1.4177323579788208,7.959663391113281,0.00015,0.5908403396606445,7,11.847532285998827
our_mertformer,2040,1.1855741739273071,9.248549461364746,0.00015,0.6109886169433594,7,11.4568419212447
our_mertformer,2041,1.5020437240600586,7.215938568115234,0.00015,0.5974133014678955,10,16.738830513865604
our_mertformer,2042,1.1589800119400024,6.388955593109131,0.00015,0.5850157737731934,10,17.093556188242083
our_mertformer,2043,1.2851980924606323,5.542893886566162,0.00015,0.5868279933929443,11,18.744845378625826
our_mertformer,2044,1.59601628780365,10.953543663024902,0.00015,0.5954124927520752,7,11.756555472400445
our_mertformer,2045,1.4520598649978638,6.639318943023682,0.00015,0.5877044200897217,11,18.71689172989492
our_mertformer,2046,1.2293237447738647,6.544407844543457,0.00015,0.5938537120819092,8,13.471331132971978
our_mertformer,2047,1.9750597476959229,8.128727912902832,0.00015,0.6000537872314453,9,14.99865543974749
our_mertformer,2048,1.2185521125793457,7.390764236450195,0.00015,0.5814883708953857,10,17.197248475669134
our_mertformer,2049,1.44996976852417,11.967537879943848,0.00015,0.5861227512359619,8,13.649018031001754
our_mertformer,2050,1.6795969009399414,8.362345695495605,0.00015,0.602625846862793,9,14.934639871245247
our_mertformer,2051,1.418596863746643,11.77976131439209,0.00015,0.595252513885498,10,16.799593057953192
our_mertformer,2052,1.5169532299041748,8.614351272583008,0.00015,0.5912806987762451,9,15.221197002755229
our_mertformer,2053,1.3315459489822388,6.689289093017578,0.00015,0.582099437713623,11,18.897114972668465
our_mertformer,2054,1.7804502248764038,9.759628295898438,0.00015,0.593191385269165,7,11.800575958842858
our_mertformer,2055,1.5322800874710083,6.29464864730835,0.00015,0.5971529483795166,11,18.42074133578425
our_mertformer,2056,1.1514497995376587,3.8983981609344482,0.00015,0.5810210704803467,10,17.21107978361734
our_mertformer,2057,1.2585901021957397,14.339813232421875,0.00015,0.5834834575653076,10,17.13844646380695
our_mertformer,2058,1.5344599485397339,7.681612014770508,0.00015,0.5791189670562744,9,15.540848274661064
our_mertformer,2059,1.0556849241256714,6.139346599578857,0.00015,0.5860731601715088,8,13.650172953934412
our_mertformer,2060,1.4937028884887695,8.711505889892578,0.00015,0.5755579471588135,8,13.89955614285448
our_mertformer,2061,1.7172610759735107,7.5375871658325195,0.00015,0.601170539855957,9,14.97079348258888
our_mertformer,2062,1.7627034187316895,9.163613319396973,0.00015,0.5887675285339355,9,15.286169097012719
our_mertformer,2063,1.4454935789108276,7.5975213050842285,0.00015,0.5870671272277832,8,13.627061760002078
our_mertformer,2064,1.7237489223480225,9.033390045166016,0.00015,0.5942199230194092,9,15.145907519001227
our_mertformer,2065,1.7061851024627686,8.325862884521484,0.00015,0.5928947925567627,10,16.866398770136975
our_mertformer,2066,1.5761855840682983,9.71060848236084,0.00015,0.5958683490753174,11,18.460453583530757
our_mertformer,2067,1.778029441833496,8.02662181854248,0.00015,0.5864696502685547,8,13.640944584833436
our_mertformer,2068,1.5024495124816895,10.13885498046875,0.00015,0.5876402854919434,11,18.718934476711965
our_mertformer,2069,1.4843816757202148,9.988079071044922,0.00015,0.5980727672576904,7,11.704261392968464
our_mertformer,2070,1.2834033966064453,8.641359329223633,0.00015,0.5809133052825928,9,15.492845349138344
our_mertformer,2071,1.4468475580215454,7.567904472351074,0.00015,0.6009736061096191,8,13.311732692867679
our_mertformer,2072,1.6940662860870361,8.99336051940918,0.00015,0.5996778011322021,8,13.340497155132073
our_mertformer,2073,1.5663692951202393,9.436016082763672,0.00015,0.5793778896331787,8,13.807913873042406
our_mertformer,2074,1.558477759361267,7.5051798820495605,0.00015,0.5823380947113037,9,15.454939461691552
our_mertformer,2075,1.3602408170700073,6.581483840942383,0.00015,0.5845432281494141,9,15.396637180269456
our_mertformer,2076,0.9002510905265808,9.224106788635254,0.00015,0.5957579612731934,9,15.106806094149569
our_mertformer,2077,1.6999828815460205,7.1906418800354,0.00015,0.5972628593444824,9,15.068742111099668
our_mertformer,2078,1.432289719581604,7.316802978515625,0.00015,0.6159253120422363,10,16.235734762779586
our_mertformer,2079,1.2801671028137207,6.532319068908691,0.00015,0.5853979587554932,10,17.08239642867761
our_mertformer,2080,1.2973676919937134,6.440169811248779,0.00015,0.5912988185882568,8,13.52953827829427
our_mertformer,2081,1.043434739112854,6.551647663116455,0.00015,0.6095161437988281,9,14.765810703400279
our_mertformer,2082,1.4855296611785889,8.242173194885254,0.00015,0.5833218097686768,8,13.714556640994608
our_mertformer,2083,1.2527847290039062,6.429934501647949,0.00015,0.5904734134674072,10,16.93556351890173
our_mertformer,2084,1.6068782806396484,11.162174224853516,0.00015,0.5863516330718994,9,15.349151417638168
our_mertformer,2085,1.3410403728485107,6.759994983673096,0.00015,0.6272821426391602,10,15.941789699172789
our_mertformer,2086,1.4236054420471191,6.150713920593262,0.00015,0.592360258102417,9,15.193456814322497
our_mertformer,2087,1.5912359952926636,5.828123569488525,0.00015,0.5999774932861328,9,15.000562688953812
our_mertformer,2088,1.8080013990402222,5.925529956817627,0.00015,0.5787060260772705,9,15.551937589117646
our_mertformer,2089,1.5449373722076416,10.379209518432617,0.00015,0.5877993106842041,10,17.012609266859982
our_mertformer,2090,1.3644695281982422,6.20993709564209,0.00015,0.5961349010467529,8,13.41978130445442
our_mertformer,2091,1.4369494915008545,8.822480201721191,0.00015,0.585301399230957,8,13.668171664225323
our_mertformer,2092,1.9423705339431763,7.204194068908691,0.00015,0.5988340377807617,8,13.359294053570263
our_mertformer,2093,1.4123945236206055,7.500793933868408,0.00015,0.5902194976806641,10,16.942849294705038
our_mertformer,2094,1.637101173400879,12.443049430847168,0.00015,0.5926487445831299,10,16.873401135834712
our_mertformer,2095,1.9863108396530151,11.684727668762207,0.00015,0.583411455154419,8,13.71244930026706
our_mertformer,2096,1.2568140029907227,6.962056636810303,0.00015,0.5876400470733643,9,15.315498058416686
our_mertformer,2097,1.486531376838684,9.942915916442871,0.00015,0.6044900417327881,11,18.197156678492476
our_mertformer,2098,1.526888132095337,7.152776718139648,0.00015,0.5878410339355469,11,18.712541937326005
our_mertformer,2099,1.8191132545471191,7.961634635925293,0.00015,0.5774295330047607,7,12.12269134135591
our_mertformer,2100,1.5038204193115234,8.598361015319824,0.00015,0.6009213924407959,9,14.977000508243181
our_mertformer,2101,1.2360587120056152,9.25185489654541,0.00015,0.5973834991455078,8,13.391732465732868
our_mertformer,2102,1.741615653038025,11.737771034240723,0.00015,0.5841724872589111,7,11.982762202386175
our_mertformer,2103,1.3958683013916016,7.904344081878662,0.00015,0.5899186134338379,10,16.95149088751638
our_mertformer,2104,1.2043095827102661,5.51165771484375,0.00015,0.5916626453399658,8,13.521218658993163
our_mertformer,2105,1.226678490638733,5.866372585296631,0.00015,0.602027177810669,10,16.610545783607286
our_mertformer,2106,1.3589974641799927,8.204594612121582,0.00015,0.5836327075958252,9,15.420657346422471
our_mertformer,2107,1.487859845161438,9.607582092285156,0.00015,0.6024782657623291,8,13.278487299251239
our_mertformer,2108,1.4827744960784912,5.231760025024414,0.00015,0.5958728790283203,10,16.78210294837857
our_mertformer,2109,1.087357521057129,4.491436958312988,0.00015,0.6015338897705078,9,14.961750539830108
our_mertformer,2110,1.325606346130371,6.170372009277344,0.00015,0.6008880138397217,11,18.30623967635689
our_mertformer,2111,1.641108751296997,6.807450771331787,0.00015,0.6004700660705566,9,14.988257547783371
our_mertformer,2112,1.6837022304534912,7.950756072998047,0.00015,0.598576545715332,10,16.706301093119926
our_mertformer,2113,1.2631131410598755,7.6583662033081055,0.00015,0.5908634662628174,10,16.924383670646474
our_mertformer,2114,1.7472214698791504,11.037568092346191,0.00015,0.5906362533569336,8,13.54471547340904
our_mertformer,2115,1.07600998878479,8.703258514404297,0.00015,0.5900933742523193,10,16.946470569459535
our_mertformer,2116,1.5366854667663574,11.712782859802246,0.00015,0.5764284133911133,7,12.143745584675784
our_mertformer,2117,2.1554009914398193,11.60334300994873,0.00015,0.5997409820556641,10,16.673864716938528
our_mertformer,2118,1.372318148612976,5.263340950012207,0.00015,0.5921287536621094,9,15.199396996579114
our_mertformer,2119,0.9004476070404053,6.977691650390625,0.00015,0.6045453548431396,10,16.54135611147766
our_mertformer,2120,1.7988426685333252,9.395695686340332,0.00015,0.5922777652740479,7,11.818778975707604
our_mertformer,2121,1.3538645505905151,5.63449764251709,0.00015,0.598548173904419,10,16.707092989305288
our_mertformer,2122,1.7661826610565186,9.46744441986084,0.00015,0.5782301425933838,9,15.564736835811885
our_mertformer,2123,0.9498856067657471,5.148855209350586,0.00015,0.5964603424072266,8,13.412459188339618
our_mertformer,2124,1.6518412828445435,8.359678268432617,0.00015,0.5891513824462891,10,16.973566213963124
our_mertformer,2125,0.9968056082725525,8.669771194458008,0.00015,0.5962646007537842,7,11.739754449871347
our_mertformer,2126,1.6030453443527222,9.377635955810547,0.00015,0.5905933380126953,10,16.93212462173937
our_mertformer,2127,1.7305190563201904,9.546211242675781,0.00015,0.6128957271575928,9,14.684390184508247
our_mertformer,2128,1.8923276662826538,9.542593002319336,0.00015,0.5916712284088135,10,16.90127814207408
our_mertformer,2129,1.6172385215759277,10.124005317687988,0.00015,0.5844354629516602,11,18.82158201770489
our_mertformer,2130,1.4841153621673584,9.374826431274414,0.00015,0.6037068367004395,8,13.251464972177574
our_mertformer,2131,1.5818617343902588,8.429055213928223,0.00015,0.5973911285400391,9,15.065506617071886
our_mertformer,2132,1.4142191410064697,10.678902626037598,0.00015,0.5942714214324951,7,11.77912944749464
our_mertformer,2133,1.489001989364624,4.8388214111328125,0.00015,0.5999188423156738,9,15.002029216585687
our_mertformer,2134,1.408986210823059,9.595076560974121,0.00015,0.5875535011291504,9,15.317754013385933
our_mertformer,2135,1.5949124097824097,14.372442245483398,0.00015,0.5956366062164307,9,15.10988395620829
our_mertformer,2136,1.4716980457305908,7.820248126983643,0.00015,0.591883659362793,9,15.205690945563818
our_mertformer,2137,1.4650832414627075,8.237286567687988,0.00015,0.5928316116333008,10,16.868196303583005
our_mertformer,2138,1.6937036514282227,10.873360633850098,0.00015,0.5967516899108887,9,15.081649791966147
our_mertformer,2139,1.885748028755188,6.846842288970947,0.00015,0.5904769897460938,9,15.241914852380646
our_mertformer,2140,1.6873595714569092,5.160914897918701,0.00015,0.5963606834411621,9,15.091538141092016
our_mertformer,2141,1.2221698760986328,7.377951622009277,0.00015,0.591594934463501,8,13.522766227291907
our_mertformer,2142,1.315422534942627,7.827879905700684,0.00015,0.5748813152313232,8,13.91591583869955
our_mertformer,2143,1.338671326637268,9.636091232299805,0.00015,0.5809831619262695,10,17.21220278888059
our_mertformer,2144,1.7881587743759155,12.584832191467285,0.00015,0.5861315727233887,11,18.767117336624345
our_mertformer,2145,1.351038932800293,10.18586540222168,0.00015,0.590785026550293,7,11.848641528500378
our_mertformer,2146,1.3412537574768066,7.88556432723999,0.00015,0.5901634693145752,9,15.250012018623817
our_mertformer,2147,0.8789624571800232,6.719361305236816,0.00015,0.5974092483520508,9,15.06504967043352
our_mertformer,2148,1.0568463802337646,7.893423080444336,0.00015,0.588280200958252,11,18.69857252051328
our_mertformer,2149,1.946582317352295,10.862325668334961,0.00015,0.5831305980682373,9,15.433935433699931
our_mertformer,2150,1.235700249671936,8.86510181427002,0.00015,0.5820178985595703,7,12.027121532386243
our_mertformer,2151,1.5932414531707764,8.63367748260498,0.00015,0.5764479637145996,9,15.612857649811936
our_mertformer,2152,1.1019662618637085,4.672300338745117,0.00015,0.586698055267334,9,15.340088345612587
our_mertformer,2153,1.3581334352493286,5.697906970977783,0.00015,0.5860052108764648,9,15.358225205095115
our_mertformer,2154,1.2121405601501465,6.469392776489258,0.00015,0.5899646282196045,9,15.255151867596204
our_mertformer,2155,2.026137113571167,13.701519012451172,0.00015,0.5735363960266113,8,13.948548087659306
our_mertformer,2156,1.853908896446228,10.317854881286621,0.00015,0.5900347232818604,10,16.94815509226054
our_mertformer,2157,2.8698086738586426,12.31464672088623,0.00015,0.5863320827484131,8,13.64414507645608
our_mertformer,2158,1.767984390258789,16.25901985168457,0.00015,0.5971970558166504,9,15.070402495023606
our_mertformer,2159,1.5261914730072021,9.871767044067383,0.00015,0.5863611698150635,9,15.348901774717744
our_mertformer,2160,1.5014612674713135,10.381096839904785,0.00015,0.6001498699188232,8,13.330003722373691
our_mertformer,2161,1.4833405017852783,8.80644702911377,0.00015,0.6034221649169922,8,13.257716512784203
our_mertformer,2162,1.3569347858428955,10.065747261047363,0.00015,0.5876715183258057,8,13.613047000798824
our_mertformer,2163,1.520328402519226,9.194090843200684,0.00015,0.5851538181304932,11,18.798475989003848
our_mertformer,2164,1.9373250007629395,9.274643898010254,0.00015,0.5886664390563965,8,13.590039229726786
our_mertformer,2165,1.155009150505066,7.7263641357421875,0.00015,0.5913980007171631,8,13.527269267563877
our_mertformer,2166,1.442064881324768,7.43167781829834,0.00015,0.571143627166748,10,17.50873077163908
our_mertformer,2167,1.6400206089019775,9.275496482849121,0.00015,0.5863697528839111,12,20.464902804043078
our_mertformer,2168,1.7754888534545898,18.78467559814453,0.00015,0.5918688774108887,9,15.2060707083809
our_mertformer,2169,1.243155598640442,8.081096649169922,0.00015,0.5811276435852051,9,15.487131096492776
our_mertformer,2170,1.3314166069030762,5.817704200744629,0.00015,0.5877315998077393,8,13.611655392728563
our_mertformer,2171,1.365519404411316,7.306262493133545,0.00015,0.5879998207092285,9,15.306127116066904
our_mertformer,2172,1.2477145195007324,9.647951126098633,0.00015,0.5965566635131836,11,18.439153684446115
our_mertformer,2173,1.3380775451660156,8.00899600982666,0.00015,0.5843801498413086,9,15.40093379702236
our_mertformer,2174,1.337540626525879,7.421574592590332,0.00015,0.5837156772613525,10,17.131628273061793
our_mertformer,2175,1.5403456687927246,8.531874656677246,0.00015,0.575667142868042,11,19.108264448091816
our_mertformer,2176,1.3038840293884277,5.709049224853516,0.00015,0.5930814743041992,12,20.233307766151945
our_mertformer,2177,1.316824197769165,6.025369644165039,0.00015,0.6024165153503418,9,14.93982945465224
our_mertformer,2178,1.6106504201889038,8.32845687866211,0.00015,0.5929076671600342,9,15.179429274559832
our_mertformer,2179,1.4734928607940674,6.189696311950684,0.00015,0.5927624702453613,10,16.870163854774265
our_mertformer,2180,1.4479798078536987,9.96019458770752,0.00015,0.5923395156860352,9,15.193988855490064
our_mertformer,2181,1.2749110460281372,10.0781888961792,0.00015,0.5993807315826416,11,18.352274973796582
our_mertformer,2182,1.1220057010650635,7.5618720054626465,0.00015,0.567378044128418,9,15.862439678689748
our_mertformer,2183,1.5714848041534424,7.198192119598389,0.00015,0.5976564884185791,10,16.73201946901031
our_mertformer,2184,1.6875094175338745,9.401167869567871,0.00015,0.6345489025115967,9,14.183304020190187
our_mertformer,2185,1.628760576248169,9.978330612182617,0.00015,0.6838734149932861,8,11.698071345672268
our_mertformer,2186,1.5045127868652344,6.897524356842041,0.00015,0.6158919334411621,10,16.236614667328368
our_mertformer,2187,1.9330573081970215,7.877752304077148,0.00015,0.5972685813903809,9,15.068597747179183
our_mertformer,2188,1.9742199182510376,7.619999885559082,0.00015,0.5786392688751221,10,17.281924227921923
our_mertformer,2189,2.0680737495422363,8.129613876342773,0.00015,0.5896542072296143,9,15.263182878461775
our_mertformer,2190,1.3603193759918213,9.571824073791504,0.00015,0.5973019599914551,10,16.741950754929817
our_mertformer,2191,1.244432806968689,8.018613815307617,0.00015,0.5904631614685059,10,16.935857564982705
our_mertformer,2192,1.3266385793685913,8.182662963867188,0.00015,0.610374927520752,10,16.38337282400908
our_mertformer,2193,1.479451298713684,6.509988784790039,0.00015,0.5898721218109131,9,15.257544249370378
our_mertformer,2194,1.5579454898834229,10.138697624206543,0.00015,0.5876064300537109,8,13.614554897346425
our_mertformer,2195,1.6159073114395142,8.594560623168945,0.00015,0.5656859874725342,8,14.142121560662531
our_mertformer,2196,1.4065816402435303,6.77846622467041,0.00015,0.5926790237426758,10,16.87253909688174
our_mertformer,2197,1.604266881942749,8.5714750289917,0.00015,0.5991792678833008,8,13.351596807181455
our_mertformer,2198,1.4855400323867798,5.806459903717041,0.00015,0.5877046585083008,10,17.015349215338507
our_mertformer,2199,1.6709620952606201,8.67690372467041,0.00015,0.5789399147033691,11,19.00024462061155
our_mertformer,2200,1.4550412893295288,7.775667190551758,0.00015,0.6033058166503906,10,16.57534159959027
our_mertformer,2201,1.6637922525405884,9.58385181427002,0.00015,0.5996112823486328,10,16.677471379175426
our_mertformer,2202,1.57614266872406,8.31441593170166,0.00015,0.5824034214019775,9,15.453205920966179
our_mertformer,2203,1.5615040063858032,8.717405319213867,0.00015,0.5958833694458008,10,16.781807502532693
our_mertformer,2204,1.5388660430908203,8.10871410369873,0.00015,0.5879421234130859,8,13.606781486515859
our_mertformer,2205,0.7493121027946472,6.730419635772705,0.00015,0.5802180767059326,8,13.787919268938216
our_mertformer,2206,1.6623796224594116,8.334407806396484,0.00015,0.5882272720336914,11,18.70025502552687
our_mertformer,2207,1.3609094619750977,6.782252788543701,0.00015,0.5857071876525879,8,13.658702110285862
our_mertformer,2208,1.3935450315475464,10.613950729370117,0.00015,0.5948362350463867,8,13.449079811649574
our_mertformer,2209,1.442612886428833,8.594674110412598,0.00015,0.6041257381439209,9,14.89756094095751
our_mertformer,2210,1.7067816257476807,11.506651878356934,0.00015,0.5812137126922607,9,15.484837682701565
our_mertformer,2211,1.6062837839126587,7.8949103355407715,0.00015,0.597881555557251,8,13.380576680516027
our_mertformer,2212,0.9525192975997925,5.742137432098389,0.00015,0.5842013359069824,10,17.11738639637794
our_mertformer,2213,1.5354520082473755,9.413460731506348,0.00015,0.6045167446136475,9,14.88792507435338
our_mertformer,2214,1.535523772239685,9.246623039245605,0.00015,0.5942938327789307,7,11.778685246097625
our_mertformer,2215,1.5093271732330322,9.039374351501465,0.00015,0.578181266784668,10,17.295613978659567
our_mertformer,2216,1.4676997661590576,7.136276721954346,0.00015,0.5860137939453125,10,17.064444733758624
our_mertformer,2217,1.866809606552124,8.89934253692627,0.00015,0.5884690284729004,12,20.3918973121499
our_mertformer,2218,1.338686227798462,5.394778728485107,0.00015,0.6027178764343262,10,16.591510540818724
our_mertformer,2219,1.3732236623764038,10.14926815032959,0.00015,0.6155040264129639,9,14.622162672842656
our_mertformer,2220,1.568894863128662,8.768265724182129,0.00015,0.607736349105835,10,16.45450369179504
our_mertformer,2221,1.3158392906188965,7.559384822845459,0.00015,0.6253435611724854,8,12.792967732809839
our_mertformer,2222,1.4611387252807617,4.94511079788208,0.00015,0.5760738849639893,10,17.35888444348611
our_mertformer,2223,1.6438202857971191,7.0792412757873535,0.00015,0.5834510326385498,9,15.425459030039177
our_mertformer,2224,1.0434327125549316,7.778472900390625,0.00015,0.5818722248077393,10,17.185903663478996
our_mertformer,2225,1.3773365020751953,6.347044944763184,0.00015,0.587019681930542,10,17.035203942588133
our_mertformer,2226,1.2110942602157593,8.532055854797363,0.00015,0.5973258018493652,8,13.393026008974337
our_mertformer,2227,1.2230056524276733,9.646538734436035,0.00015,0.5757644176483154,10,17.36821466120564
our_mertformer,2228,1.5495870113372803,8.563239097595215,0.00015,0.5925636291503906,9,15.188242337627223
our_mertformer,2229,1.181618332862854,5.736047744750977,0.00015,0.5879831314086914,11,18.708019690371344
our_mertformer,2230,1.0609050989151,6.170511245727539,0.00015,0.5915031433105469,9,15.215472820023345
our_mertformer,2231,1.1391788721084595,10.513859748840332,0.00015,0.5953953266143799,9,15.116007126184645
our_mertformer,2232,1.4361670017242432,7.844870090484619,0.00015,0.5945913791656494,7,11.77279093723598
our_mertformer,2233,1.2420519590377808,6.160919666290283,0.00015,0.5980298519134521,9,15.049415963440056
our_mertformer,2234,1.2725571393966675,7.682921886444092,0.00015,0.6013431549072266,10,16.629440143112248
our_mertformer,2235,1.6345388889312744,11.169267654418945,0.00015,0.5896902084350586,11,18.653862388511083
our_mertformer,2236,1.9825221300125122,12.97665023803711,0.00015,0.5935547351837158,6,10.108587539349497
our_mertformer,2237,2.3054769039154053,12.615416526794434,0.00015,0.5860848426818848,9,15.356138471038777
our_mertformer,2238,1.2917511463165283,7.045233726501465,0.00015,0.5942437648773193,9,15.145299844850767
our_mertformer,2239,1.5117006301879883,10.537128448486328,0.00015,0.5924651622772217,8,13.502903646268239
our_mertformer,2240,1.7731386423110962,6.998920440673828,0.00015,0.5836782455444336,10,17.132726937034235
our_mertformer,2241,1.501782774925232,11.479452133178711,0.00015,0.5994613170623779,9,15.01347917510996
our_mertformer,2242,1.4097541570663452,6.187401294708252,0.00015,0.5894787311553955,9,15.267726423919889
our_mertformer,2243,1.7341395616531372,6.212553977966309,0.00015,0.5922739505767822,10,16.88407871097752
our_mertformer,2244,1.6664621829986572,7.771088600158691,0.00015,0.5946269035339355,11,18.49899480603004
our_mertformer,2245,1.626056432723999,7.5866570472717285,0.00015,0.587367057800293,8,13.620103296157325
our_mertformer,2246,1.7585076093673706,7.643651962280273,0.00015,0.5910828113555908,8,13.534482556941184
our_mertformer,2247,1.2577261924743652,5.873197078704834,0.00015,0.6007664203643799,9,14.980863934674103
our_mertformer,2248,1.5046995878219604,6.294330596923828,0.00015,0.5925395488739014,8,13.501208510391741
our_mertformer,2249,1.6846829652786255,8.10195541381836,0.00015,0.602851152420044,9,14.929058298837155
our_mertformer,2250,1.2983893156051636,6.505436897277832,0.00015,0.5856261253356934,10,17.075740933292188
our_mertformer,2251,1.5410151481628418,7.410276889801025,0.00015,0.590376615524292,11,18.63217429476149
our_mertformer,2252,1.3068112134933472,7.1918463706970215,0.00015,0.584780216217041,9,15.390397538106269
our_mertformer,2253,1.347931146621704,7.226439952850342,0.00015,0.5900986194610596,10,16.94631993739124
our_mertformer,2254,1.3459166288375854,7.693305492401123,0.00015,0.5937972068786621,11,18.524842947346105
our_mertformer,2255,1.499333143234253,9.419463157653809,0.00015,0.5922372341156006,8,13.508100367830732
our_mertformer,2256,2.066011667251587,11.613402366638184,0.00015,0.5930731296539307,7,11.802928930677792
our_mertformer,2257,1.1997517347335815,9.000104904174805,0.00015,0.5926573276519775,9,15.18584109245168
our_mertformer,2258,1.0975582599639893,7.6614789962768555,0.00015,0.5843145847320557,7,11.97984815527056
our_mertformer,2259,1.3655097484588623,7.59775447845459,0.00015,0.6032121181488037,9,14.920124661321593
our_mertformer,2260,1.41262948513031,6.101964950561523,0.00015,0.581627607345581,10,17.193131608105354
our_mertformer,2261,1.6420649290084839,14.657904624938965,0.00015,0.59230637550354,8,13.506523533870329
our_mertformer,2262,1.8127551078796387,8.27492904663086,0.00015,0.5953075885772705,10,16.798038848957166
our_mertformer,2263,1.9233970642089844,11.231688499450684,0.00015,0.5835745334625244,8,13.708617393794718
our_mertformer,2264,1.49387526512146,7.4648919105529785,0.00015,0.6068456172943115,10,16.478655715742182
our_mertformer,2265,1.2309961318969727,6.220490455627441,0.00015,0.5893046855926514,9,15.272235602452216
our_mertformer,2266,1.189985990524292,6.387486934661865,0.00015,0.615370512008667,10,16.250372425806386
our_mertformer,2267,1.0179346799850464,6.396335124969482,0.00015,0.5956106185913086,9,15.110543229209197
our_mertformer,2268,1.5621473789215088,8.546993255615234,0.00015,0.5723800659179688,9,15.723818029137732
our_mertformer,2269,1.6904596090316772,6.919806003570557,0.00015,0.5862808227539062,10,17.056672522610448
our_mertformer,2270,1.7479885816574097,11.772496223449707,0.00015,0.5884521007537842,8,13.594989277380966
our_mertformer,2271,1.2108163833618164,7.818589210510254,0.00015,0.5885000228881836,9,15.29311750207021
our_mertformer,2272,1.7467436790466309,9.525006294250488,0.00015,0.5947926044464111,8,13.450066359594041
our_mertformer,2273,1.5029265880584717,11.000344276428223,0.00015,0.5964577198028564,9,15.089082932776384
our_mertformer,2274,1.4304368495941162,7.218517303466797,0.00015,0.5966522693634033,10,16.760180952080304
our_mertformer,2275,1.1886385679244995,5.589791297912598,0.00015,0.5968587398529053,10,16.754383126674966
our_mertformer,2276,1.9739902019500732,13.706574440002441,0.00015,0.5964207649230957,6,10.060011912518938
our_mertformer,2277,1.1872795820236206,6.498789310455322,0.00015,0.5856232643127441,8,13.660659484538012
our_mertformer,2278,0.8983135223388672,6.4901041984558105,0.00015,0.5847296714782715,9,15.39172790265089
our_mertformer,2279,1.196324110031128,6.185967922210693,0.00015,0.5967302322387695,10,16.757991232458124
our_mertformer,2280,1.2412395477294922,5.360723495483398,0.00015,0.6265008449554443,8,12.769336329576612
our_mertformer,2281,1.7679569721221924,12.20108699798584,0.00015,0.6263082027435303,9,14.369921965855923
our_mertformer,2282,1.2646926641464233,6.656813144683838,0.00015,0.5954844951629639,9,15.113743637501436
our_mertformer,2283,2.232701301574707,11.761065483093262,0.00015,0.5886967182159424,11,18.685342825310336
our_mertformer,2284,1.061294436454773,6.492519378662109,0.00015,0.5765261650085449,9,15.610739887003406
our_mertformer,2285,1.2776072025299072,6.301668167114258,0.00015,0.5851287841796875,9,15.381229300857955
our_mertformer,2286,1.5612025260925293,11.190397262573242,0.00015,0.8238391876220703,8,9.710632997552839
our_mertformer,2287,1.6651843786239624,13.736815452575684,0.00015,0.5846996307373047,8,13.682238844433716
our_mertformer,2288,1.5577001571655273,10.227115631103516,0.00015,0.5781090259552002,10,17.297775248323035
our_mertformer,2289,1.4112188816070557,5.851386070251465,0.00015,0.5846900939941406,8,13.68246201222655
our_mertformer,2290,1.6374512910842896,5.861464977264404,0.00015,0.5977404117584229,10,16.72967027707256
our_mertformer,2291,1.888511300086975,10.028093338012695,0.00015,0.5904631614685059,9,15.242271808484436
our_mertformer,2292,1.4737439155578613,10.093405723571777,0.00015,0.5853586196899414,10,17.083544452282773
our_mertformer,2293,1.3329052925109863,9.955693244934082,0.00015,0.5812268257141113,11,18.92548573697557
our_mertformer,2294,1.9344797134399414,17.962013244628906,0.00015,0.5848507881164551,10,17.098378258505154
our_mertformer,2295,2.016201972961426,14.789510726928711,0.00015,0.5980961322784424,8,13.375776180869227
our_mertformer,2296,2.3838558197021484,13.671243667602539,0.00015,0.5947022438049316,8,13.452109998468547
our_mertformer,2297,1.6107401847839355,9.25417709350586,0.00015,0.5819714069366455,8,13.746379812901864
our_mertformer,2298,1.4904119968414307,6.293162822723389,0.00015,0.5981791019439697,8,13.373920910980512
our_mertformer,2299,1.2348662614822388,9.230185508728027,0.00015,0.591134786605835,7,11.841630975893755
our_mertformer,2300,1.6601842641830444,10.169879913330078,0.00015,0.5968630313873291,10,16.754262660155586
our_mertformer,2301,1.4738194942474365,5.139369964599609,0.00015,0.6018106937408447,10,16.616520949204435
our_mertformer,2302,1.379842758178711,9.000585556030273,0.00015,0.5892417430877686,10,16.97096330548069
our_mertformer,2303,1.677861213684082,7.807621955871582,0.00015,0.6022613048553467,9,14.94367964111799
our_mertformer,2304,1.5677201747894287,7.103561878204346,0.00015,0.596278190612793,10,16.77069555356877
our_mertformer,2305,1.2790837287902832,5.579494953155518,0.00015,0.6056733131408691,8,13.208440633637986
our_mertformer,2306,0.9413650035858154,5.756155490875244,0.00015,0.6287479400634766,9,14.314162204796068
our_mertformer,2307,1.5246474742889404,6.91552734375,0.00015,0.6985821723937988,10,14.314708269370042
our_mertformer,2308,1.8081461191177368,9.164708137512207,0.00015,0.5969071388244629,8,13.402419705944617
our_mertformer,2309,1.338606595993042,8.406603813171387,0.00015,0.6207525730133057,9,14.498530318306207
our_mertformer,2310,1.022186040878296,7.5358123779296875,0.00015,0.607046365737915,8,13.178565018300272
our_mertformer,2311,1.2633731365203857,6.324921131134033,0.00015,0.596015453338623,9,15.100279614539955
our_mertformer,2312,1.1035200357437134,5.179802417755127,0.00015,0.6068878173828125,9,14.829758881653383
our_mertformer,2313,1.961210012435913,14.499527931213379,0.00015,0.5948750972747803,10,16.8102515062601
our_mertformer,2314,1.5662875175476074,6.985307693481445,0.00015,0.5913512706756592,8,13.528338225872846
our_mertformer,2315,1.1074007749557495,6.855532169342041,0.00015,0.587428092956543,9,15.321024152424739
our_mertformer,2316,1.519399881362915,8.740995407104492,0.00015,0.5907835960388184,10,16.92667174080259
our_mertformer,2317,1.8985090255737305,6.434751510620117,0.00015,0.6107125282287598,10,16.374316127102954
our_mertformer,2318,1.6800845861434937,10.810953140258789,0.00015,0.5894525051116943,7,11.875426670166721
our_mertformer,2319,1.8403923511505127,8.256420135498047,0.00015,0.5848476886749268,10,17.098468872565306
our_mertformer,2320,1.3674185276031494,10.286577224731445,0.00015,0.5976395606994629,8,13.385994713330211
our_mertformer,2321,1.3245353698730469,5.801187038421631,0.00015,0.5980367660522461,10,16.72137996801082
our_mertformer,2322,1.1579463481903076,5.950563430786133,0.00015,0.5868380069732666,8,13.63238219906987
our_mertformer,2323,1.2302807569503784,6.459569454193115,0.00015,0.5912497043609619,9,15.221994926369451
our_mertformer,2324,1.7813023328781128,13.262406349182129,0.00015,0.5988357067108154,9,15.029163924498915
our_mertformer,2325,1.79915452003479,10.791559219360352,0.00015,0.5892817974090576,9,15.272828788486288
our_mertformer,2326,1.63584566116333,11.383835792541504,0.00015,0.5793635845184326,10,17.2603185067491
our_mertformer,2327,1.5991746187210083,9.496879577636719,0.00015,0.5957584381103516,11,18.463859336831558
our_mertformer,2328,1.7537879943847656,10.302536010742188,0.00015,0.5989847183227539,8,13.355933390756924
our_mertformer,2329,1.0711220502853394,12.244611740112305,0.00015,0.585028886795044,9,15.383855743097715
our_mertformer,2330,1.6094807386398315,6.744264602661133,0.00015,0.5908479690551758,9,15.232344818569636
our_mertformer,2331,1.5285706520080566,8.17548656463623,0.00015,0.5874545574188232,10,17.022593277577627
our_mertformer,2332,1.1135950088500977,5.453539848327637,0.00015,0.5862588882446289,9,15.351579618601125
our_mertformer,2333,1.6536431312561035,10.172266006469727,0.00015,0.6094315052032471,8,13.126987908726475
our_mertformer,2334,1.5527169704437256,8.318732261657715,0.00015,0.579674243927002,8,13.800854676247157
our_mertformer,2335,1.2122911214828491,6.130187034606934,0.00015,0.5861551761627197,8,13.648262994745197
our_mertformer,2336,1.7203043699264526,9.183425903320312,0.00015,0.5895364284515381,8,13.56998416707277
our_mertformer,2337,1.1301674842834473,5.6198506355285645,0.00015,0.5947537422180176,11,18.495049663710656
our_mertformer,2338,1.1452418565750122,6.9488725662231445,0.00015,0.5975644588470459,9,15.061136697059927
our_mertformer,2339,1.5957428216934204,12.147307395935059,0.00015,0.5977718830108643,6,10.037273700092971
our_mertformer,2340,1.2683064937591553,7.286796569824219,0.00015,0.6066641807556152,9,14.835225624809887
our_mertformer,2341,1.8894513845443726,11.768959999084473,0.00015,0.5815556049346924,10,17.195260290068017
our_mertformer,2342,1.6277689933776855,8.315592765808105,0.00015,0.5900778770446777,10,16.946915634396593
our_mertformer,2343,1.5516725778579712,8.44382095336914,0.00015,0.5921411514282227,9,15.199078764062135
our_mertformer,2344,1.4188722372055054,9.264872550964355,0.00015,0.5849804878234863,10,17.09458726940894
our_mertformer,2345,1.3404889106750488,5.925981521606445,0.00015,0.5804767608642578,10,17.227218511058464
our_mertformer,2346,1.7904541492462158,11.62777328491211,0.00015,0.6235032081604004,8,12.830727886073596
our_mertformer,2347,1.3779138326644897,7.313316822052002,0.00015,0.5971572399139404,9,15.071407325308554
our_mertformer,2348,1.5259512662887573,9.366894721984863,0.00015,0.5948355197906494,12,20.173643975099814
our_mertformer,2349,1.4749059677124023,7.592936992645264,0.00015,0.5943112373352051,8,13.460960347764411
our_mertformer,2350,1.4247722625732422,8.448468208312988,0.00015,0.602135181427002,11,18.268323026618486
our_mertformer,2351,1.9983407258987427,10.938949584960938,0.00015,0.5915257930755615,8,13.524346856296898
our_mertformer,2352,1.1289317607879639,5.24776029586792,0.00015,0.5955126285552979,9,15.113029629336033
our_mertformer,2353,1.685094952583313,15.151412010192871,0.00015,0.5868778228759766,10,17.039321661526262
our_mertformer,2354,1.6266065835952759,10.817566871643066,0.00015,0.5785419940948486,8,13.827863978165164
our_mertformer,2355,1.605741024017334,12.83217716217041,0.00015,0.5867722034454346,7,11.929672126418216
our_mertformer,2356,1.4969505071640015,8.742585182189941,0.00015,0.5832304954528809,9,15.431291865168099
our_mertformer,2357,1.111464500427246,8.03395938873291,0.00015,0.5993146896362305,9,15.017152350233202
our_mertformer,2358,1.5805104970932007,14.744857788085938,0.00015,0.5951993465423584,10,16.801093714386887
our_mertformer,2359,1.6768898963928223,8.46433162689209,0.00015,0.5936992168426514,11,18.527900472058967
our_mertformer,2360,2.1183159351348877,7.014928340911865,0.00015,0.5893106460571289,9,15.272081134484583
our_mertformer,2361,1.1660162210464478,9.031124114990234,0.00015,0.6057710647583008,8,13.206309223752632
our_mertformer,2362,1.2102802991867065,6.7725677490234375,0.00015,0.5851912498474121,9,15.37958744657706
our_mertformer,2363,0.9593029618263245,6.989797592163086,0.00015,0.5994725227355957,10,16.681331705357604
our_mertformer,2364,1.3288358449935913,9.191262245178223,0.00015,0.5843179225921631,10,17.1139710307666
our_mertformer,2365,1.4296772480010986,7.437082290649414,0.00015,0.5819551944732666,8,13.746762767949651
our_mertformer,2366,2.1951277256011963,15.205937385559082,0.00015,0.5937967300415039,9,15.156701855483336
our_mertformer,2367,1.628696084022522,8.015495300292969,0.00015,0.5837664604187012,10,17.13013795418735
our_mertformer,2368,1.4915152788162231,7.012495994567871,0.00015,0.6011459827423096,11,18.29838394630896
our_mertformer,2369,1.2588953971862793,8.556486129760742,0.00015,0.5831515789031982,8,13.718560129849157
our_mertformer,2370,2.1657776832580566,12.940482139587402,0.00015,0.5875699520111084,8,13.615400128304646
our_mertformer,2371,1.429340124130249,8.045021057128906,0.00015,0.5899350643157959,8,13.560814543679252
our_mertformer,2372,0.9344248175621033,6.001808166503906,0.00015,0.581899881362915,9,15.466578166196507
our_mertformer,2373,1.3617712259292603,5.643355369567871,0.00015,0.5923111438751221,10,16.88301850033792
our_mertformer,2374,1.0127384662628174,5.0207719802856445,0.00015,0.5992326736450195,8,13.350406865062125
our_mertformer,2375,1.8832900524139404,10.822651863098145,0.00015,0.5786902904510498,8,13.824320421489261
our_mertformer,2376,1.33370840549469,9.022046089172363,0.00015,0.600414514541626,10,16.65516032308828
our_mertformer,2377,0.9747012257575989,4.5791015625,0.00015,0.5917458534240723,9,15.20923205109506
our_mertformer,2378,1.0886479616165161,5.892555236816406,0.00015,0.607100248336792,9,14.82456978836089
our_mertformer,2379,1.4592872858047485,9.357786178588867,0.00015,0.5986061096191406,7,11.69383320269435
our_mertformer,2380,1.3881796598434448,6.028590202331543,0.00015,0.5885932445526123,10,16.989661523555142
our_mertformer,2381,1.6424254179000854,9.714594841003418,0.00015,0.5890517234802246,10,16.976437893973355
our_mertformer,2382,1.5831420421600342,9.848440170288086,0.00015,0.5942637920379639,10,16.827543818051026
our_mertformer,2383,1.6900227069854736,15.230457305908203,0.00015,0.6032309532165527,9,14.919658800680121
our_mertformer,2384,2.085399627685547,11.035836219787598,0.00015,0.6005067825317383,7,11.656820878005707
our_mertformer,2385,1.5154696702957153,7.5887041091918945,0.00015,0.5851407051086426,7,11.962934622195384
our_mertformer,2386,1.194221019744873,5.058638095855713,0.00015,0.6010019779205322,9,14.974992313902217
our_mertformer,2387,1.1865246295928955,8.57683277130127,0.00015,0.5914022922515869,9,15.21806749469164
our_mertformer,2388,1.0318570137023926,8.599019050598145,0.00015,0.6048691272735596,9,14.879251716098313
our_mertformer,2389,1.26691472530365,8.752791404724121,0.00015,0.5949819087982178,8,13.445786975538311
our_mertformer,2390,1.8637641668319702,7.595149040222168,0.00015,0.5842816829681396,7,11.98052275820138
our_mertformer,2391,1.98343825340271,8.61166763305664,0.00015,0.6034531593322754,9,14.914165019797982
our_mertformer,2392,1.1262327432632446,6.74988317489624,0.00015,0.5902211666107178,9,15.248521247859582
our_mertformer,2393,1.5084471702575684,7.72139310836792,0.00015,0.6013214588165283,10,16.630040144719235
our_mertformer,2394,1.6803561449050903,10.592316627502441,0.00015,0.5896556377410889,9,15.263145849801573
our_mertformer,2395,1.448317527770996,6.207863807678223,0.00015,0.5891551971435547,11,18.670801943752892
our_mertformer,2396,1.135457158088684,6.400871753692627,0.00015,0.6019008159637451,8,13.291226374549177
our_mertformer,2397,1.6542479991912842,8.524059295654297,0.00015,0.5913007259368896,9,15.220681465830946
our_mertformer,2398,1.2168530225753784,9.80196475982666,0.00015,0.5967099666595459,9,15.082704333535908
our_mertformer,2399,1.6082415580749512,8.921918869018555,0.00015,0.6049387454986572,8,13.224479436187407
our_mertformer,2400,1.2782107591629028,7.088180065155029,0.00015,0.6079590320587158,8,13.158781395038755
